INSERT IGNORE INTO AircraftType (type, manufacturer, maxDistance,fuelCost, mtCost, aircraftLength, wingspan, minAirspace, suiteNo, fcSeatNo,bcSeatNo,pecSeatNo,ecSeatNo, totalSeatNum, cabinCrew, cabinLeader, captain, pilot, acInH, acInC, acDu, acMH, bcInH, bcInC, bcDu, bcMH, ccInH, ccInC, ccDu, ccMH, dcInH, dcInC, dcDu, dcMH) values("A380","AIRBUS",15200,12000,80,75,2000,"4E",6,10,20,50,300,386,0.02,0.005,2,2, 300,36,24,240,2000,400,48,600,8000,1600,336,3000,36000,6100,1440,50000)
INSERT IGNORE INTO AircraftType (type, manufacturer, maxDistance,fuelCost, mtCost, aircraftLength, wingspan, minAirspace, suiteNo, fcSeatNo,bcSeatNo,pecSeatNo,ecSeatNo, totalSeatNum, cabinCrew, cabinLeader, captain, pilot, acInH, acInC, acDu, acMH, bcInH, bcInC, bcDu, bcMH, ccInH, ccInC, ccDu, ccMH, dcInH, dcInC, dcDu, dcMH) values("777-300","BOEING",11400,10000,70,67,1500,"4F",3,20,50,100,200,373,0.02,0.005,1,2, 300,36,20,200,1800,360,40,500,7500,1500,240,2500,30000,6000,1200,45000)
INSERT IGNORE INTO AircraftType (type, manufacturer, maxDistance,fuelCost, mtCost, aircraftLength, wingspan, minAirspace, suiteNo, fcSeatNo,bcSeatNo,pecSeatNo,ecSeatNo, totalSeatNum, cabinCrew, cabinLeader, captain, pilot) values("A330-200","AIRBUS",10800,6000,60,55,800,"4F",2,10,50,80,200,342,0.02,0.005,2,2)

INSERT IGNORE INTO Airport (IATA, airportName,cityName, countryName, spec, lang, timeZone,opStatus,strategicLevel, airspace, lat, lon) values("SIN","Singapore Changi Airport","Singapore","Singapore","Changi Intl", "English", "Asia/Singapore","Normal","Hub","4F", 1.364420, 103.991531)
INSERT IGNORE INTO Airport (IATA, airportName,cityName, countryName, spec, lang, timeZone,opStatus,strategicLevel, airspace, lat, lon) values("XIA","Xi'an Xianyang International Airport","Xi'an","China","Xianyang", "Mandarin", "PRC","Normal","Normal","4F", 34.441983, 108.771426)
INSERT IGNORE INTO Airport (IATA, airportName,cityName, countryName, spec, lang, timeZone,opStatus,strategicLevel, airspace, lat, lon) values("LHR","Heathrow Airport","London","United Kingdom","Heathrow", "English", "Europe/London","Normal","Normal","4F", 51.470022, -0.454295)
INSERT IGNORE INTO Airport (IATA, airportName,cityName, countryName, spec, lang, timeZone,opStatus,strategicLevel, airspace, lat, lon) values("DXB","Dubai International Airport","Dubai","United Arab Emirates","Dubai Intl", "Arabic", "Asia/Dubai","Normal","Hub","4F", 25.253175, 55.365673)
INSERT IGNORE INTO Airport (IATA, airportName,cityName, countryName, spec, lang, timeZone,opStatus,strategicLevel, airspace, lat, lon) values("LAX","Los Angeles International Airport","Los Angeles","United States","Los Angeles Intl", "English", "America/Los_Angeles","Normal","Normal","4F", 33.941589, -118.408530)

INSERT IGNORE INTO CabinClass(cabinID,cabinName,seatCount,aircraftType_type) values(10000,"Suite",6,"A380")
INSERT IGNORE INTO CabinClass(cabinID,cabinName,seatCount,aircraftType_type) values(20000,"First Class",10,"A380")
INSERT IGNORE INTO CabinClass(cabinID,cabinName,seatCount,aircraftType_type) values(30000,"Business Class",20,"A380")
INSERT IGNORE INTO CabinClass(cabinID,cabinName,seatCount,aircraftType_type) values(40000,"Premium Economy Class",50,"A380")
INSERT IGNORE INTO CabinClass(cabinID,cabinName,seatCount,aircraftType_type) values(50000,"Economy Class",300,"A380")

INSERT IGNORE INTO CabinClass(cabinID,cabinName,seatCount,aircraftType_type) values(60000,"Suite",3,"A330-200")
INSERT IGNORE INTO CabinClass(cabinID,cabinName,seatCount,aircraftType_type) values(70000,"First Class",20,"A330-200")
INSERT IGNORE INTO CabinClass(cabinID,cabinName,seatCount,aircraftType_type) values(80000,"Business Class",50,"A330-200")
INSERT IGNORE INTO CabinClass(cabinID,cabinName,seatCount,aircraftType_type) values(90000,"Premium Economy Class",100,"A330-200")
INSERT IGNORE INTO CabinClass(cabinID,cabinName,seatCount,aircraftType_type) values(100000,"Economy Class",200,"777-300")

INSERT IGNORE INTO Aircraft (aircraftType_type,registrationNo,serialNo,status,firstFlyDate,deliveryDate,retireDate,currentAirport,yearDiff,purchaseCost) values("A380","9V-ABC","0000001","In Service","2015-02-04","2015-09-12","2035-01-03","SIN",10,200000000)
INSERT IGNORE INTO Aircraft (aircraftType_type,registrationNo,serialNo,status,firstFlyDate,deliveryDate,retireDate,currentAirport,yearDiff,purchaseCost) values("A380","9V-XYZ","0000004","In Service","2015-01-04","2015-09-12","2035-01-03","SIN",10,200000000)
INSERT IGNORE INTO Aircraft (aircraftType_type,registrationNo,serialNo,status,firstFlyDate,deliveryDate,retireDate,currentAirport,yearDiff,purchaseCost) values("777-300","9V-AAA","0000002","In Service","2012-03-05","2012-10-10","2032-01-03","SIN",10,150000000)
INSERT IGNORE INTO Aircraft (aircraftType_type,registrationNo,serialNo,status,firstFlyDate,deliveryDate,retireDate,currentAirport,yearDiff,purchaseCost) values("777-300","9V-BBB","0000003","In Service","2012-04-05","2012-10-10","2032-01-03","SIN",10,150000000)
INSERT IGNORE INTO Aircraft (aircraftType_type,registrationNo,serialNo,status,firstFlyDate,deliveryDate,retireDate,currentAirport,yearDiff,purchaseCost) values("777-300","9V-CCC","0000005","In Service","2012-05-05","2012-10-10","2032-01-03","SIN",10,150000000)
INSERT IGNORE INTO Aircraft (aircraftType_type,registrationNo,serialNo,status,firstFlyDate,deliveryDate,retireDate,currentAirport,yearDiff,purchaseCost) values("A330-200","9V-000","9999999","Testing","2015-02-30","2016-10-09","2050-12-25","SIN",10,50000000)


INSERT IGNORE INTO Route (id,distance,blockhour,basicFcFare,basicBcFare, basicPecFare, basicEcFare,acType_type,dest_iata,origin_iata,status,basicScFare,otherCost) values(10000,3900,5,600,500,400,300,"777-300","XIA","SIN","Pending",800,1872000)
INSERT IGNORE INTO Route (id,distance,blockhour,basicFcFare,basicBcFare, basicPecFare, basicEcFare,acType_type,dest_iata,origin_iata,status,basicScFare,otherCost) values(20000,3900,5,600,500,400,300,"777-300","SIN","XIA","Pending",800,1872000)
INSERT IGNORE INTO Route (id,distance,blockhour,basicFcFare,basicBcFare, basicPecFare, basicEcFare,acType_type,dest_iata,origin_iata,status,basicScFare,otherCost) values(30000,6500,4,800,700,600,500,"A380","DXB","SIN","Pending",1000,1900000)
INSERT IGNORE INTO Route (id,distance,blockhour,basicFcFare,basicBcFare, basicPecFare, basicEcFare,acType_type,dest_iata,origin_iata,status,basicScFare,otherCost) values(40000,6500,4,800,700,600,500,"A380","SIN","DXB","Pending",1000,1900000)
INSERT IGNORE INTO Route (id,distance,blockhour,basicFcFare,basicBcFare, basicPecFare, basicEcFare,acType_type,dest_iata,origin_iata,status,basicScFare,otherCost) values(50000,6900,4,1000,800,700,600,"A380","LHR","DXB","Pending",1500,2000000)
INSERT IGNORE INTO Route (id,distance,blockhour,basicFcFare,basicBcFare, basicPecFare, basicEcFare,acType_type,dest_iata,origin_iata,status,basicScFare,otherCost) values(60000,6900,4,1000,800,700,600,"A380","DXB","LHR","Pending",1500,2000000)

INSERT IGNORE INTO Adminstaff(ID,ADMNAME,ADMPASSWORD,STFTYPE) values(10000,"admin", "admin", "administrator")
INSERT IGNORE INTO UserEntity(USERNAME,COMEMAIL)values("O777777","o777777@mas.com")
INSERT IGNORE INTO UserEntity(USERNAME,COMEMAIL)values("O888888","o888888@mas.com")
INSERT IGNORE INTO UserEntity(USERNAME,COMEMAIL)values("G777777","g777777@mas.com")
INSERT IGNORE INTO UserEntity(USERNAME,COMEMAIL)values("G888888","g888888@mas.com")

INSERT IGNORE INTO UserEntity(USERNAME,COMEMAIL)values("CB888851","cb888851@mas.com")
INSERT IGNORE INTO UserEntity(USERNAME,COMEMAIL)values("CB888852","cb888852@mas.com")
INSERT IGNORE INTO UserEntity(USERNAME,COMEMAIL)values("CB888853","cb888853@mas.com")
INSERT IGNORE INTO UserEntity(USERNAME,COMEMAIL)values("CB888854","cb888854@mas.com")
INSERT IGNORE INTO UserEntity(USERNAME,COMEMAIL)values("CB888855","cb888855@mas.com")
INSERT IGNORE INTO UserEntity(USERNAME,COMEMAIL)values("CB888856","cb888856@mas.com")
INSERT IGNORE INTO UserEntity(USERNAME,COMEMAIL)values("CB888857","cb888857@mas.com")
INSERT IGNORE INTO UserEntity(USERNAME,COMEMAIL)values("CB888858","cb888858@mas.com")
INSERT IGNORE INTO UserEntity(USERNAME,COMEMAIL)values("CB888859","cb888859@mas.com")
INSERT IGNORE INTO UserEntity(USERNAME,COMEMAIL)values("CB888860","cb888860@mas.com")

INSERT IGNORE INTO UserEntity(USERNAME,COMEMAIL)values("CB888881","cb888881@mas.com")
INSERT IGNORE INTO UserEntity(USERNAME,COMEMAIL)values("CB888882","cb888882@mas.com")
INSERT IGNORE INTO UserEntity(USERNAME,COMEMAIL)values("CB888883","cb888883@mas.com")
INSERT IGNORE INTO UserEntity(USERNAME,COMEMAIL)values("CB888884","cb888884@mas.com")
INSERT IGNORE INTO UserEntity(USERNAME,COMEMAIL)values("CB888885","cb888885@mas.com")
INSERT IGNORE INTO UserEntity(USERNAME,COMEMAIL)values("CB888886","cb888886@mas.com")
INSERT IGNORE INTO UserEntity(USERNAME,COMEMAIL)values("CB888887","cb888887@mas.com")
INSERT IGNORE INTO UserEntity(USERNAME,COMEMAIL)values("CB888888","cb888888@mas.com")
INSERT IGNORE INTO UserEntity(USERNAME,COMEMAIL)values("CB888889","cb888889@mas.com")
INSERT IGNORE INTO UserEntity(USERNAME,COMEMAIL)values("CB888890","cb888890@mas.com")

INSERT IGNORE INTO UserEntity(USERNAME,COMEMAIL)values("CB888891","cb888891@mas.com")
INSERT IGNORE INTO UserEntity(USERNAME,COMEMAIL)values("CB888892","cb888892@mas.com")
INSERT IGNORE INTO UserEntity(USERNAME,COMEMAIL)values("CB888893","cb888893@mas.com")
INSERT IGNORE INTO UserEntity(USERNAME,COMEMAIL)values("CB888894","cb888894@mas.com")
INSERT IGNORE INTO UserEntity(USERNAME,COMEMAIL)values("CB888895","cb888895@mas.com")
INSERT IGNORE INTO UserEntity(USERNAME,COMEMAIL)values("CB888896","cb888896@mas.com")
INSERT IGNORE INTO UserEntity(USERNAME,COMEMAIL)values("CB888897","cb888897@mas.com")
INSERT IGNORE INTO UserEntity(USERNAME,COMEMAIL)values("CB888898","cb888898@mas.com")
INSERT IGNORE INTO UserEntity(USERNAME,COMEMAIL)values("CB888899","cb888899@mas.com")
INSERT IGNORE INTO UserEntity(USERNAME,COMEMAIL)values("CB888900","cb888900@mas.com")

INSERT IGNORE INTO UserEntity(USERNAME,COMEMAIL)values("CB888901","cb888901@mas.com")
INSERT IGNORE INTO UserEntity(USERNAME,COMEMAIL)values("CB888902","cb888902@mas.com")
INSERT IGNORE INTO UserEntity(USERNAME,COMEMAIL)values("CB888903","cb888903@mas.com")
INSERT IGNORE INTO UserEntity(USERNAME,COMEMAIL)values("CB888904","cb888904@mas.com")
INSERT IGNORE INTO UserEntity(USERNAME,COMEMAIL)values("CB888905","cb888905@mas.com")
INSERT IGNORE INTO UserEntity(USERNAME,COMEMAIL)values("CB888906","cb888906@mas.com")
INSERT IGNORE INTO UserEntity(USERNAME,COMEMAIL)values("CB888907","cb888907@mas.com")
INSERT IGNORE INTO UserEntity(USERNAME,COMEMAIL)values("CB888908","cb888908@mas.com")
INSERT IGNORE INTO UserEntity(USERNAME,COMEMAIL)values("CB888909","cb888909@mas.com")
INSERT IGNORE INTO UserEntity(USERNAME,COMEMAIL)values("CB888910","cb888910@mas.com")


INSERT IGNORE INTO UserEntity(USERNAME,COMEMAIL)values("CP777751","cp777751@mas.com")
INSERT IGNORE INTO UserEntity(USERNAME,COMEMAIL)values("CP777752","cp777752@mas.com")
INSERT IGNORE INTO UserEntity(USERNAME,COMEMAIL)values("CP777753","cp777753@mas.com")
INSERT IGNORE INTO UserEntity(USERNAME,COMEMAIL)values("CP777754","cp777754@mas.com")
INSERT IGNORE INTO UserEntity(USERNAME,COMEMAIL)values("CP777755","cp777755@mas.com")
INSERT IGNORE INTO UserEntity(USERNAME,COMEMAIL)values("CP777756","cp777756@mas.com")
INSERT IGNORE INTO UserEntity(USERNAME,COMEMAIL)values("CP777757","cp777757@mas.com")
INSERT IGNORE INTO UserEntity(USERNAME,COMEMAIL)values("CP777758","cp777758@mas.com")
INSERT IGNORE INTO UserEntity(USERNAME,COMEMAIL)values("CP777759","cp777759@mas.com")
INSERT IGNORE INTO UserEntity(USERNAME,COMEMAIL)values("CP777760","cp777760@mas.com")

INSERT IGNORE INTO UserEntity(USERNAME,COMEMAIL)values("CP777771","cp777771@mas.com")
INSERT IGNORE INTO UserEntity(USERNAME,COMEMAIL)values("CP777772","cp777772@mas.com")
INSERT IGNORE INTO UserEntity(USERNAME,COMEMAIL)values("CP777773","cp777773@mas.com")
INSERT IGNORE INTO UserEntity(USERNAME,COMEMAIL)values("CP777774","cp777774@mas.com")
INSERT IGNORE INTO UserEntity(USERNAME,COMEMAIL)values("CP777775","cp777775@mas.com")
INSERT IGNORE INTO UserEntity(USERNAME,COMEMAIL)values("CP777776","cp777776@mas.com")
INSERT IGNORE INTO UserEntity(USERNAME,COMEMAIL)values("CP777777","cp777777@mas.com")
INSERT IGNORE INTO UserEntity(USERNAME,COMEMAIL)values("CP777778","cp777778@mas.com")
INSERT IGNORE INTO UserEntity(USERNAME,COMEMAIL)values("CP777779","cp777779@mas.com")

INSERT IGNORE INTO UserEntity(USERNAME,COMEMAIL)values("CP777780","cp777780@mas.com")
INSERT IGNORE INTO UserEntity(USERNAME,COMEMAIL)values("CP777781","cp777781@mas.com")
INSERT IGNORE INTO UserEntity(USERNAME,COMEMAIL)values("CP777782","cp777782@mas.com")
INSERT IGNORE INTO UserEntity(USERNAME,COMEMAIL)values("CP777783","cp777783@mas.com")
INSERT IGNORE INTO UserEntity(USERNAME,COMEMAIL)values("CP777784","cp777784@mas.com")
INSERT IGNORE INTO UserEntity(USERNAME,COMEMAIL)values("CP777785","cp777785@mas.com")
INSERT IGNORE INTO UserEntity(USERNAME,COMEMAIL)values("CP777786","cp777786@mas.com")
INSERT IGNORE INTO UserEntity(USERNAME,COMEMAIL)values("CP777787","cp777787@mas.com")
INSERT IGNORE INTO UserEntity(USERNAME,COMEMAIL)values("CP777788","cp777788@mas.com")
INSERT IGNORE INTO UserEntity(USERNAME,COMEMAIL)values("CP777789","cp777789@mas.com")

INSERT IGNORE INTO UserEntity(USERNAME,COMEMAIL)values("CP777790","cp777790@mas.com")
INSERT IGNORE INTO UserEntity(USERNAME,COMEMAIL)values("CP777791","cp777791@mas.com")
INSERT IGNORE INTO UserEntity(USERNAME,COMEMAIL)values("CP777792","cp777792@mas.com")
INSERT IGNORE INTO UserEntity(USERNAME,COMEMAIL)values("CP777793","cp777793@mas.com")
INSERT IGNORE INTO UserEntity(USERNAME,COMEMAIL)values("CP777794","cp777794@mas.com")
INSERT IGNORE INTO UserEntity(USERNAME,COMEMAIL)values("CP777795","cp777795@mas.com")
INSERT IGNORE INTO UserEntity(USERNAME,COMEMAIL)values("CP777796","cp777796@mas.com")
INSERT IGNORE INTO UserEntity(USERNAME,COMEMAIL)values("CP777797","cp777797@mas.com")
INSERT IGNORE INTO UserEntity(USERNAME,COMEMAIL)values("CP777798","cp777798@mas.com")
INSERT IGNORE INTO UserEntity(USERNAME,COMEMAIL)values("CP777799","cp777799@mas.com")
INSERT IGNORE INTO UserEntity(USERNAME,COMEMAIL)values("CP777800","cp777800@mas.com")


INSERT IGNORE INTO AGENCY(AGENCYID,AGENPWD,NAME,EMAIL,PTYPE)values("AG777777","16deddbdc8449f8e47ff8dc6d49e716c","travel agency","ag777@777.com","agency")
INSERT IGNORE INTO AIRALLIANCES(ALLIANCEID,ALLPWD,NAME,EMAIL,PTYPE)values("AL777777","dd4960a35453b6d2098e4e75af873fd8","Korean Airline","al777777@mas.com","alliance")

INSERT IGNORE INTO Officestaff(OFFNAME,EMAIL,OFFPASSWORD,STFTYPE,ATTEMPT,LOCKED,USER_USERNAME,FIRSTNAME,LASTNAME,STFLEVEL,SALARY,HOURPAY) values("O777777","o777777@mas.com","72ebb4d2f49358f09e1811874bb487d1","officeStaff",0,0,"O777777","HAO","LI","Normal",3000,0)
INSERT IGNORE INTO Officestaff(OFFNAME,EMAIL,OFFPASSWORD,STFTYPE,ATTEMPT,LOCKED,USER_USERNAME,FIRSTNAME,LASTNAME,STFLEVEL,SALARY,HOURPAY) values("0888888","o888888@mas.com","0e267f2d45cd249730ca941395119dec","officeStaff",0,0,"O888888","LI","HAO","Normal",3000,0)

INSERT IGNORE INTO Groundstaff(GRDNAME,EMAIL,GRDPASSWORD,STFTYPE,ATTEMPT,LOCKED,USER_USERNAME,FIRSTNAME,LASTNAME,STFLEVEL,SALARY,HOURPAY) values("G777777","g777777@mas.com","de581c8f145c1fb4114c34405b17a479","groundStaff",0,0,"G777777","HAO","LI","Normal",4000,0)
INSERT IGNORE INTO Groundstaff(GRDNAME,EMAIL,GRDPASSWORD,STFTYPE,ATTEMPT,LOCKED,USER_USERNAME,FIRSTNAME,LASTNAME,STFLEVEL,SALARY,HOURPAY) values("G888888","g888888@mas.com","d3e68babfccc6540105b8a6e8c2f017a","groundStaff",0,0,"G888888","LI","HAO","Normal",4000,0)


INSERT IGNORE INTO Cabincrew(CBNAME,CBPASSWORD,EMAIL,STFTYPE,ATTEMPT,LOCKED,USER_USERNAME,FIRSTNAME,LASTNAME,STFLEVEL,SALARY,HOURPAY,SECONDLANG,YEARACCUMMIN,MONTHACCUMMIN,WEEKACCUMMIN,FIRSTSB,SECONDSB) values("CB888851","1ab0be66ff011ea5104e261c193dc8b9","cb888851@mas.com","cabin",0,0,"CB888851","LI","SUN","Cabin Leader",5000,20,"Mandarin",0,0,0,0,0)
INSERT IGNORE INTO Cabincrew(CBNAME,CBPASSWORD,EMAIL,STFTYPE,ATTEMPT,LOCKED,USER_USERNAME,FIRSTNAME,LASTNAME,STFLEVEL,SALARY,HOURPAY,SECONDLANG,YEARACCUMMIN,MONTHACCUMMIN,WEEKACCUMMIN,FIRSTSB,SECONDSB) values("CB888852","1026f41860041f09a13526dcc94d56b5","cb888852@mas.com","cabin",0,0,"CB888852","LI","SUN","Cabin Leader",5000,20,"Mandarin",0,0,0,0,0)
INSERT IGNORE INTO Cabincrew(CBNAME,CBPASSWORD,EMAIL,STFTYPE,ATTEMPT,LOCKED,USER_USERNAME,FIRSTNAME,LASTNAME,STFLEVEL,SALARY,HOURPAY,SECONDLANG,YEARACCUMMIN,MONTHACCUMMIN,WEEKACCUMMIN,FIRSTSB,SECONDSB) values("CB888853","cc9de24847da483a61c3ad295eb16d94","cb888853@mas.com","cabin",0,0,"CB888853","LI","SUN","Cabin Leader",5000,20,"Arabic",0,0,0,0,0)
INSERT IGNORE INTO Cabincrew(CBNAME,CBPASSWORD,EMAIL,STFTYPE,ATTEMPT,LOCKED,USER_USERNAME,FIRSTNAME,LASTNAME,STFLEVEL,SALARY,HOURPAY,SECONDLANG,YEARACCUMMIN,MONTHACCUMMIN,WEEKACCUMMIN,FIRSTSB,SECONDSB) values("CB888854","9d727f2460ac9bca073291ec5f578d37","cb888854@mas.com","cabin",0,0,"CB888854","LI","SUN","Cabin Leader",5000,20,"Arabic",0,0,0,0,0)
INSERT IGNORE INTO Cabincrew(CBNAME,CBPASSWORD,EMAIL,STFTYPE,ATTEMPT,LOCKED,USER_USERNAME,FIRSTNAME,LASTNAME,STFLEVEL,SALARY,HOURPAY,SECONDLANG,YEARACCUMMIN,MONTHACCUMMIN,WEEKACCUMMIN,FIRSTSB,SECONDSB) values("CB888855","913af281014c39b19488294e0502f9bf","cb888855@mas.com","cabin",0,0,"CB888855","LI","SUN","Cabin Leader",5000,20,"French",0,0,0,0,0)
INSERT IGNORE INTO Cabincrew(CBNAME,CBPASSWORD,EMAIL,STFTYPE,ATTEMPT,LOCKED,USER_USERNAME,FIRSTNAME,LASTNAME,STFLEVEL,SALARY,HOURPAY,SECONDLANG,YEARACCUMMIN,MONTHACCUMMIN,WEEKACCUMMIN,FIRSTSB,SECONDSB) values("CB888856","b6232f95d32cb60b72666fc6909eb301","cb888856@mas.com","cabin",0,0,"CB888856","LI","SUN","Cabin Leader",5000,20,"French",0,0,0,0,0)
INSERT IGNORE INTO Cabincrew(CBNAME,CBPASSWORD,EMAIL,STFTYPE,ATTEMPT,LOCKED,USER_USERNAME,FIRSTNAME,LASTNAME,STFLEVEL,SALARY,HOURPAY,SECONDLANG,YEARACCUMMIN,MONTHACCUMMIN,WEEKACCUMMIN,FIRSTSB,SECONDSB) values("CB888857","ade55dbbeba8f88591f1687dc0dc8dd1","cb888857@mas.com","cabin",0,0,"CB888857","LI","SUN","Cabin Leader",5000,20,"German",0,0,0,0,0)
INSERT IGNORE INTO Cabincrew(CBNAME,CBPASSWORD,EMAIL,STFTYPE,ATTEMPT,LOCKED,USER_USERNAME,FIRSTNAME,LASTNAME,STFLEVEL,SALARY,HOURPAY,SECONDLANG,YEARACCUMMIN,MONTHACCUMMIN,WEEKACCUMMIN,FIRSTSB,SECONDSB) values("CB888858","5df81570a2d22d10ff3373d635bb73cf","cb888858@mas.com","cabin",0,0,"CB888858","LI","SUN","Cabin Leader",5000,20,"German",0,0,0,0,0)
INSERT IGNORE INTO Cabincrew(CBNAME,CBPASSWORD,EMAIL,STFTYPE,ATTEMPT,LOCKED,USER_USERNAME,FIRSTNAME,LASTNAME,STFLEVEL,SALARY,HOURPAY,SECONDLANG,YEARACCUMMIN,MONTHACCUMMIN,WEEKACCUMMIN,FIRSTSB,SECONDSB) values("CB888859","e0cfd24f8ced85c4b83e5b7dd373ed57","cb888859@mas.com","cabin",0,0,"CB888859","LI","SUN","Cabin Leader",5000,20,"Japanese",0,0,0,0,0)
INSERT IGNORE INTO Cabincrew(CBNAME,CBPASSWORD,EMAIL,STFTYPE,ATTEMPT,LOCKED,USER_USERNAME,FIRSTNAME,LASTNAME,STFLEVEL,SALARY,HOURPAY,SECONDLANG,YEARACCUMMIN,MONTHACCUMMIN,WEEKACCUMMIN,FIRSTSB,SECONDSB) values("CB888860","fd1a06385be60148aea743672ef1327e","cb888860@mas.com","cabin",0,0,"CB888860","LI","SUN","Cabin Leader",5000,20,"Japanese",0,0,0,0,0)

INSERT IGNORE INTO Cabincrew(CBNAME,CBPASSWORD,EMAIL,STFTYPE,ATTEMPT,LOCKED,USER_USERNAME,FIRSTNAME,LASTNAME,STFLEVEL,SALARY,HOURPAY,SECONDLANG,YEARACCUMMIN,MONTHACCUMMIN,WEEKACCUMMIN,FIRSTSB,SECONDSB) values("CB888881","a9e82ba9d07b46fb5ae7ad1bb15bcc26","cb888881@mas.com","cabin",0,0,"CB888881","Angelababy","Yang","Cabin Crew",3000,15,"Mandarin",0,0,0,0,0)
INSERT IGNORE INTO Cabincrew(CBNAME,CBPASSWORD,EMAIL,STFTYPE,ATTEMPT,LOCKED,USER_USERNAME,FIRSTNAME,LASTNAME,STFLEVEL,SALARY,HOURPAY,SECONDLANG,YEARACCUMMIN,MONTHACCUMMIN,WEEKACCUMMIN,FIRSTSB,SECONDSB) values("CB888882","d77c897797e7edf03bf5cd8509493314","cb888882@mas.com","cabin",0,0,"CB888882","Angelababy","Yang","Cabin Crew",3000,15,"Mandarin",0,0,0,0,0)
INSERT IGNORE INTO Cabincrew(CBNAME,CBPASSWORD,EMAIL,STFTYPE,ATTEMPT,LOCKED,USER_USERNAME,FIRSTNAME,LASTNAME,STFLEVEL,SALARY,HOURPAY,SECONDLANG,YEARACCUMMIN,MONTHACCUMMIN,WEEKACCUMMIN,FIRSTSB,SECONDSB) values("CB888883","fbbe24d7515a1d5a2d82d9fb2547aa28","cb888883@mas.com","cabin",0,0,"CB888883","Angelababy","Yang","Cabin Crew",3000,15,"Mandarin",0,0,0,0,0)
INSERT IGNORE INTO Cabincrew(CBNAME,CBPASSWORD,EMAIL,STFTYPE,ATTEMPT,LOCKED,USER_USERNAME,FIRSTNAME,LASTNAME,STFLEVEL,SALARY,HOURPAY,SECONDLANG,YEARACCUMMIN,MONTHACCUMMIN,WEEKACCUMMIN,FIRSTSB,SECONDSB) values("CB888884","2b5eddeae8820feb063577d58d9a9548","cb888884@mas.com","cabin",0,0,"CB888884","Angelababy","Yang","Cabin Crew",3000,15,"Mandarin",0,0,0,0,0)
INSERT IGNORE INTO Cabincrew(CBNAME,CBPASSWORD,EMAIL,STFTYPE,ATTEMPT,LOCKED,USER_USERNAME,FIRSTNAME,LASTNAME,STFLEVEL,SALARY,HOURPAY,SECONDLANG,YEARACCUMMIN,MONTHACCUMMIN,WEEKACCUMMIN,FIRSTSB,SECONDSB) values("CB888885","69467f0374b8a816a58ae6d67261101b","cb888885@mas.com","cabin",0,0,"CB888885","Angelababy","Yang","Cabin Crew",3000,15,"French",0,0,0,0,0)
INSERT IGNORE INTO Cabincrew(CBNAME,CBPASSWORD,EMAIL,STFTYPE,ATTEMPT,LOCKED,USER_USERNAME,FIRSTNAME,LASTNAME,STFLEVEL,SALARY,HOURPAY,SECONDLANG,YEARACCUMMIN,MONTHACCUMMIN,WEEKACCUMMIN,FIRSTSB,SECONDSB) values("CB888886","55fd81408d16fe9fef7c8230ecf6bbc6","cb888886@mas.com","cabin",0,0,"CB888886","Angelababy","Yang","Cabin Crew",3000,15,"French",0,0,0,0,0)
INSERT IGNORE INTO Cabincrew(CBNAME,CBPASSWORD,EMAIL,STFTYPE,ATTEMPT,LOCKED,USER_USERNAME,FIRSTNAME,LASTNAME,STFLEVEL,SALARY,HOURPAY,SECONDLANG,YEARACCUMMIN,MONTHACCUMMIN,WEEKACCUMMIN,FIRSTSB,SECONDSB) values("CB888887","815d7d537ad932cf6b6d4f8242130af4","cb888887@mas.com","cabin",0,0,"CB888887","Angelababy","Yang","Cabin Crew",3000,15,"French",0,0,0,0,0)
-- INSERT IGNORE INTO Cabincrew(CBNAME,CBPASSWORD,EMAIL,STFTYPE,ATTEMPT,LOCKED,USER_USERNAME,FIRSTNAME,LASTNAME,STFLEVEL,SALARY,HOURPAY,SECONDLANG,YEARACCUMMIN,MONTHACCUMMIN,WEEKACCUMMIN,FIRSTSB,SECONDSB) values("CB888888","d77c897797e7edf03bf5cd8509493314","cb888888@mas.com","cabin",0,0,"CB888888","LI","HAO","Cabin",8000,15,"French",0,0,0,0,0)
INSERT IGNORE INTO Cabincrew(CBNAME,CBPASSWORD,EMAIL,STFTYPE,ATTEMPT,LOCKED,USER_USERNAME,FIRSTNAME,LASTNAME,STFLEVEL,SALARY,HOURPAY,SECONDLANG,YEARACCUMMIN,MONTHACCUMMIN,WEEKACCUMMIN,FIRSTSB,SECONDSB) values("CB888889","1bd6c1f94616abf3ff83157cd254e084","cb888889@mas.com","cabin",0,0,"CB888889","Angelababy","Yang","Cabin Crew",3000,15,"Mandarin",0,0,0,0,0)
INSERT IGNORE INTO Cabincrew(CBNAME,CBPASSWORD,EMAIL,STFTYPE,ATTEMPT,LOCKED,USER_USERNAME,FIRSTNAME,LASTNAME,STFLEVEL,SALARY,HOURPAY,SECONDLANG,YEARACCUMMIN,MONTHACCUMMIN,WEEKACCUMMIN,FIRSTSB,SECONDSB) values("CB888890","f808f15b1cef5e7fc60a28ef4ea86956","cb888890@mas.com","cabin",0,0,"CB888890","Angelababy","Yang","Cabin Crew",3000,15,"Mandarin",0,0,0,0,0)
INSERT IGNORE INTO Cabincrew(CBNAME,CBPASSWORD,EMAIL,STFTYPE,ATTEMPT,LOCKED,USER_USERNAME,FIRSTNAME,LASTNAME,STFLEVEL,SALARY,HOURPAY,SECONDLANG,YEARACCUMMIN,MONTHACCUMMIN,WEEKACCUMMIN,FIRSTSB,SECONDSB) values("CB888891","ac64c0ede52c2beb93d4b1a0da137747","cb888891@mas.com","cabin",0,0,"CB888891","Angelababy","Yang","Cabin Crew",3000,15,"Mandarin",0,0,0,0,0)
INSERT IGNORE INTO Cabincrew(CBNAME,CBPASSWORD,EMAIL,STFTYPE,ATTEMPT,LOCKED,USER_USERNAME,FIRSTNAME,LASTNAME,STFLEVEL,SALARY,HOURPAY,SECONDLANG,YEARACCUMMIN,MONTHACCUMMIN,WEEKACCUMMIN,FIRSTSB,SECONDSB) values("CB888892","945a08d6e9c41bdd2e12ce4a29b00fd2","cb888892@mas.com","cabin",0,0,"CB888892","Angelababy","Yang","Cabin Crew",3000,15,"Mandarin",0,0,0,0,0)
INSERT IGNORE INTO Cabincrew(CBNAME,CBPASSWORD,EMAIL,STFTYPE,ATTEMPT,LOCKED,USER_USERNAME,FIRSTNAME,LASTNAME,STFLEVEL,SALARY,HOURPAY,SECONDLANG,YEARACCUMMIN,MONTHACCUMMIN,WEEKACCUMMIN,FIRSTSB,SECONDSB) values("CB888893","c740c8102237b10f4a3d103a0be56330","cb888893@mas.com","cabin",0,0,"CB888893","Angelababy","Yang","Cabin Crew",3000,15,"Mandarin",0,0,0,0,0)
INSERT IGNORE INTO Cabincrew(CBNAME,CBPASSWORD,EMAIL,STFTYPE,ATTEMPT,LOCKED,USER_USERNAME,FIRSTNAME,LASTNAME,STFLEVEL,SALARY,HOURPAY,SECONDLANG,YEARACCUMMIN,MONTHACCUMMIN,WEEKACCUMMIN,FIRSTSB,SECONDSB) values("CB888894","554ceec1c6385b795820457567cfae7c","cb888894@mas.com","cabin",0,0,"CB888894","Angelababy","Yang","Cabin Crew",3000,15,"Arabic",0,0,0,0,0)
INSERT IGNORE INTO Cabincrew(CBNAME,CBPASSWORD,EMAIL,STFTYPE,ATTEMPT,LOCKED,USER_USERNAME,FIRSTNAME,LASTNAME,STFLEVEL,SALARY,HOURPAY,SECONDLANG,YEARACCUMMIN,MONTHACCUMMIN,WEEKACCUMMIN,FIRSTSB,SECONDSB) values("CB888895","23aacb5cb890d853fb3b3f67986b03d4","cb888895@mas.com","cabin",0,0,"CB888895","Angelababy","Yang","Cabin Crew",3000,15,"Arabic",0,0,0,0,0)
INSERT IGNORE INTO Cabincrew(CBNAME,CBPASSWORD,EMAIL,STFTYPE,ATTEMPT,LOCKED,USER_USERNAME,FIRSTNAME,LASTNAME,STFLEVEL,SALARY,HOURPAY,SECONDLANG,YEARACCUMMIN,MONTHACCUMMIN,WEEKACCUMMIN,FIRSTSB,SECONDSB) values("CB888896","7e80343c62762ae01c316aba9eef4e16","cb888896@mas.com","cabin",0,0,"CB888896","Angelababy","Yang","Cabin Crew",3000,15,"Arabic",0,0,0,0,0)
INSERT IGNORE INTO Cabincrew(CBNAME,CBPASSWORD,EMAIL,STFTYPE,ATTEMPT,LOCKED,USER_USERNAME,FIRSTNAME,LASTNAME,STFLEVEL,SALARY,HOURPAY,SECONDLANG,YEARACCUMMIN,MONTHACCUMMIN,WEEKACCUMMIN,FIRSTSB,SECONDSB) values("CB888897","2f3fb6ae60156197ca23644646f0183f","cb888897@mas.com","cabin",0,0,"CB888897","Angelababy","Yang","Cabin Crew",3000,15,"Arabic",0,0,0,0,0)
INSERT IGNORE INTO Cabincrew(CBNAME,CBPASSWORD,EMAIL,STFTYPE,ATTEMPT,LOCKED,USER_USERNAME,FIRSTNAME,LASTNAME,STFLEVEL,SALARY,HOURPAY,SECONDLANG,YEARACCUMMIN,MONTHACCUMMIN,WEEKACCUMMIN,FIRSTSB,SECONDSB) values("CB888898","d939f9d2939fcd30f5ec88aec751ba12","cb888898@mas.com","cabin",0,0,"CB888898","Angelababy","Yang","Cabin Crew",3000,15,"Arabic",0,0,0,0,0)
INSERT IGNORE INTO Cabincrew(CBNAME,CBPASSWORD,EMAIL,STFTYPE,ATTEMPT,LOCKED,USER_USERNAME,FIRSTNAME,LASTNAME,STFLEVEL,SALARY,HOURPAY,SECONDLANG,YEARACCUMMIN,MONTHACCUMMIN,WEEKACCUMMIN,FIRSTSB,SECONDSB) values("CB888899","7868134c1614e6b0e97f76e3b852bc8f","cb888899@mas.com","cabin",0,0,"CB888899","Angelababy","Yang","Cabin Crew",3000,15,"Japanese",0,0,0,0,0)
INSERT IGNORE INTO Cabincrew(CBNAME,CBPASSWORD,EMAIL,STFTYPE,ATTEMPT,LOCKED,USER_USERNAME,FIRSTNAME,LASTNAME,STFLEVEL,SALARY,HOURPAY,SECONDLANG,YEARACCUMMIN,MONTHACCUMMIN,WEEKACCUMMIN,FIRSTSB,SECONDSB) values("CB888900","ad7fe64b179c287f25e0893793f832c6","cb888900@mas.com","cabin",0,0,"CB888900","Angelababy","Yang","Cabin Crew",3000,15,"Japanese",0,0,0,0,0)
INSERT IGNORE INTO Cabincrew(CBNAME,CBPASSWORD,EMAIL,STFTYPE,ATTEMPT,LOCKED,USER_USERNAME,FIRSTNAME,LASTNAME,STFLEVEL,SALARY,HOURPAY,SECONDLANG,YEARACCUMMIN,MONTHACCUMMIN,WEEKACCUMMIN,FIRSTSB,SECONDSB) values("CB888901","eddaaca5f1e65380136a794e78a2ba3a","cb888901@mas.com","cabin",0,0,"CB888901","Angelababy","Yang","Cabin Crew",3000,15,"Japanese",0,0,0,0,0)
INSERT IGNORE INTO Cabincrew(CBNAME,CBPASSWORD,EMAIL,STFTYPE,ATTEMPT,LOCKED,USER_USERNAME,FIRSTNAME,LASTNAME,STFLEVEL,SALARY,HOURPAY,SECONDLANG,YEARACCUMMIN,MONTHACCUMMIN,WEEKACCUMMIN,FIRSTSB,SECONDSB) values("CB888902","3f34f59d93487fa362604da4b47b1138","cb888902@mas.com","cabin",0,0,"CB888902","Angelababy","Yang","Cabin Crew",3000,15,"Japanese",0,0,0,0,0)
INSERT IGNORE INTO Cabincrew(CBNAME,CBPASSWORD,EMAIL,STFTYPE,ATTEMPT,LOCKED,USER_USERNAME,FIRSTNAME,LASTNAME,STFLEVEL,SALARY,HOURPAY,SECONDLANG,YEARACCUMMIN,MONTHACCUMMIN,WEEKACCUMMIN,FIRSTSB,SECONDSB) values("CB888903","4334a229c376c8dd2bdf97adc462c03d","cb888903@mas.com","cabin",0,0,"CB888903","Angelababy","Yang","Cabin Crew",3000,15,"Japanese",0,0,0,0,0)
INSERT IGNORE INTO Cabincrew(CBNAME,CBPASSWORD,EMAIL,STFTYPE,ATTEMPT,LOCKED,USER_USERNAME,FIRSTNAME,LASTNAME,STFLEVEL,SALARY,HOURPAY,SECONDLANG,YEARACCUMMIN,MONTHACCUMMIN,WEEKACCUMMIN,FIRSTSB,SECONDSB) values("CB888904","52079b39f03b20796c7509a74eac2971","cb888904@mas.com","cabin",0,0,"CB888904","Angelababy","Yang","Cabin Crew",3000,15,"German",0,0,0,0,0)
INSERT IGNORE INTO Cabincrew(CBNAME,CBPASSWORD,EMAIL,STFTYPE,ATTEMPT,LOCKED,USER_USERNAME,FIRSTNAME,LASTNAME,STFLEVEL,SALARY,HOURPAY,SECONDLANG,YEARACCUMMIN,MONTHACCUMMIN,WEEKACCUMMIN,FIRSTSB,SECONDSB) values("CB888905","0115bf6b64230883ee46e3a9a67b5b22","cb888905@mas.com","cabin",0,0,"CB888905","Angelababy","Yang","Cabin Crew",3000,15,"German",0,0,0,0,0)
INSERT IGNORE INTO Cabincrew(CBNAME,CBPASSWORD,EMAIL,STFTYPE,ATTEMPT,LOCKED,USER_USERNAME,FIRSTNAME,LASTNAME,STFLEVEL,SALARY,HOURPAY,SECONDLANG,YEARACCUMMIN,MONTHACCUMMIN,WEEKACCUMMIN,FIRSTSB,SECONDSB) values("CB888906","22b2ec7b96dff1c525191a43e8701754","cb888906@mas.com","cabin",0,0,"CB888906","Angelababy","Yang","Cabin Crew",3000,15,"German",0,0,0,0,0)
INSERT IGNORE INTO Cabincrew(CBNAME,CBPASSWORD,EMAIL,STFTYPE,ATTEMPT,LOCKED,USER_USERNAME,FIRSTNAME,LASTNAME,STFLEVEL,SALARY,HOURPAY,SECONDLANG,YEARACCUMMIN,MONTHACCUMMIN,WEEKACCUMMIN,FIRSTSB,SECONDSB) values("CB888907","f307473d76d8bc900e646559746a9946","cb888907@mas.com","cabin",0,0,"CB888907","Angelababy","Yang","Cabin Crew",3000,15,"German",0,0,0,0,0)
INSERT IGNORE INTO Cabincrew(CBNAME,CBPASSWORD,EMAIL,STFTYPE,ATTEMPT,LOCKED,USER_USERNAME,FIRSTNAME,LASTNAME,STFLEVEL,SALARY,HOURPAY,SECONDLANG,YEARACCUMMIN,MONTHACCUMMIN,WEEKACCUMMIN,FIRSTSB,SECONDSB) values("CB888908","246ba5d35ef629189d65efbf38686ae4","cb888908@mas.com","cabin",0,0,"CB888908","Angelababy","Yang","Cabin Crew",3000,15,"German",0,0,0,0,0)
INSERT IGNORE INTO Cabincrew(CBNAME,CBPASSWORD,EMAIL,STFTYPE,ATTEMPT,LOCKED,USER_USERNAME,FIRSTNAME,LASTNAME,STFLEVEL,SALARY,HOURPAY,SECONDLANG,YEARACCUMMIN,MONTHACCUMMIN,WEEKACCUMMIN,FIRSTSB,SECONDSB) values("CB888909","a9f6c1568a6e5342a3d4462785e3a48a","cb888900@mas.com","cabin",0,0,"CB888909","Angelababy","Yang","Cabin Crew",3000,15,"French",0,0,0,0,0)
INSERT IGNORE INTO Cabincrew(CBNAME,CBPASSWORD,EMAIL,STFTYPE,ATTEMPT,LOCKED,USER_USERNAME,FIRSTNAME,LASTNAME,STFLEVEL,SALARY,HOURPAY,SECONDLANG,YEARACCUMMIN,MONTHACCUMMIN,WEEKACCUMMIN,FIRSTSB,SECONDSB) values("CB888910","ac719947130d34c73c62463cdeb9b01c","cb888910@mas.com","cabin",0,0,"CB888910","Angelababy","Yang","Cabin Crew",3000,15,"French",0,0,0,0,0)


INSERT IGNORE INTO Cockpitcrew(CPNAME,CPPASSWORD,EMAIL,STFTYPE,LICENCE,ATTEMPT,LOCKED,USER_USERNAME,FIRSTNAME,LASTNAME,STFLEVEL,SALARY,HOURPAY,YEARACCUMMIN,MONTHACCUMMIN,WEEKACCUMMIN,FIRSTSB,SECONDSB) values("CP777751","dbae1ed366032780bf06cfb426ccff7e","cp777751@mas.com","cockpit","A380",0,0,"CP777751","CHAO","DENG","Captain",10000,260,0,0,0,0,0)
INSERT IGNORE INTO Cockpitcrew(CPNAME,CPPASSWORD,EMAIL,STFTYPE,LICENCE,ATTEMPT,LOCKED,USER_USERNAME,FIRSTNAME,LASTNAME,STFLEVEL,SALARY,HOURPAY,YEARACCUMMIN,MONTHACCUMMIN,WEEKACCUMMIN,FIRSTSB,SECONDSB) values("CP777752","d6c44018d0c37c714d2c27a64fa880bd","cp777752@mas.com","cockpit","A380",0,0,"CP777752","CHAO","DENG","Captain",10000,260,0,0,0,0,0)
INSERT IGNORE INTO Cockpitcrew(CPNAME,CPPASSWORD,EMAIL,STFTYPE,LICENCE,ATTEMPT,LOCKED,USER_USERNAME,FIRSTNAME,LASTNAME,STFLEVEL,SALARY,HOURPAY,YEARACCUMMIN,MONTHACCUMMIN,WEEKACCUMMIN,FIRSTSB,SECONDSB) values("CP777753","e9e1e7bdc3d4bd72ae36a05f2bea580e","cp777753@mas.com","cockpit","A380",0,0,"CP777753","CHAO","DENG","Captain",10000,260,0,0,0,0,0)
INSERT IGNORE INTO Cockpitcrew(CPNAME,CPPASSWORD,EMAIL,STFTYPE,LICENCE,ATTEMPT,LOCKED,USER_USERNAME,FIRSTNAME,LASTNAME,STFLEVEL,SALARY,HOURPAY,YEARACCUMMIN,MONTHACCUMMIN,WEEKACCUMMIN,FIRSTSB,SECONDSB) values("CP777754","b8e52ab923c8634bd66c8294bbd18774","cp777754@mas.com","cockpit","777-300",0,0,"CP777754","CHAO","DENG","Captain",10000,240,0,0,0,0,0)
INSERT IGNORE INTO Cockpitcrew(CPNAME,CPPASSWORD,EMAIL,STFTYPE,LICENCE,ATTEMPT,LOCKED,USER_USERNAME,FIRSTNAME,LASTNAME,STFLEVEL,SALARY,HOURPAY,YEARACCUMMIN,MONTHACCUMMIN,WEEKACCUMMIN,FIRSTSB,SECONDSB) values("CP777755","4a9da28f2ca13634a0ac70c26a20e778","cp777755@mas.com","cockpit","777-300",0,0,"CP777755","CHAO","DENG","Captain",10000,240,0,0,0,0,0)
INSERT IGNORE INTO Cockpitcrew(CPNAME,CPPASSWORD,EMAIL,STFTYPE,LICENCE,ATTEMPT,LOCKED,USER_USERNAME,FIRSTNAME,LASTNAME,STFLEVEL,SALARY,HOURPAY,YEARACCUMMIN,MONTHACCUMMIN,WEEKACCUMMIN,FIRSTSB,SECONDSB) values("CP777756","adeb63e871d7a80224ecd10ddeed7993","cp777756@mas.com","cockpit","777-300",0,0,"CP777756","CHAO","DENG","Captain",10000,240,0,0,0,0,0)
INSERT IGNORE INTO Cockpitcrew(CPNAME,CPPASSWORD,EMAIL,STFTYPE,LICENCE,ATTEMPT,LOCKED,USER_USERNAME,FIRSTNAME,LASTNAME,STFLEVEL,SALARY,HOURPAY,YEARACCUMMIN,MONTHACCUMMIN,WEEKACCUMMIN,FIRSTSB,SECONDSB) values("CP777757","f34049c877dc2ba14dae11d9be0c3092","cp777757@mas.com","cockpit","777-300",0,0,"CP777757","CHAO","DENG","Captain",10000,240,0,0,0,0,0)
INSERT IGNORE INTO Cockpitcrew(CPNAME,CPPASSWORD,EMAIL,STFTYPE,LICENCE,ATTEMPT,LOCKED,USER_USERNAME,FIRSTNAME,LASTNAME,STFLEVEL,SALARY,HOURPAY,YEARACCUMMIN,MONTHACCUMMIN,WEEKACCUMMIN,FIRSTSB,SECONDSB) values("CP777758","8b0e59dfd084820699ee444fd3512db3","cp777758@mas.com","cockpit","777-300",0,0,"CP777758","CHAO","DENG","Captain",10000,240,0,0,0,0,0)
INSERT IGNORE INTO Cockpitcrew(CPNAME,CPPASSWORD,EMAIL,STFTYPE,LICENCE,ATTEMPT,LOCKED,USER_USERNAME,FIRSTNAME,LASTNAME,STFLEVEL,SALARY,HOURPAY,YEARACCUMMIN,MONTHACCUMMIN,WEEKACCUMMIN,FIRSTSB,SECONDSB) values("CP777759","857c184746b6d631afcfecd38cc35413","cp777759@mas.com","cockpit","777-300",0,0,"CP777759","CHAO","DENG","Captain",10000,240,0,0,0,0,0)
INSERT IGNORE INTO Cockpitcrew(CPNAME,CPPASSWORD,EMAIL,STFTYPE,LICENCE,ATTEMPT,LOCKED,USER_USERNAME,FIRSTNAME,LASTNAME,STFLEVEL,SALARY,HOURPAY,YEARACCUMMIN,MONTHACCUMMIN,WEEKACCUMMIN,FIRSTSB,SECONDSB) values("CP777760","f4ce9b7c78c071f9296709c638017537","cp777760@mas.com","cockpit","777-300",0,0,"CP777760","CHAO","DENG","Captain",10000,240,0,0,0,0,0)

INSERT IGNORE INTO Cockpitcrew(CPNAME,CPPASSWORD,EMAIL,STFTYPE,LICENCE,ATTEMPT,LOCKED,USER_USERNAME,FIRSTNAME,LASTNAME,STFLEVEL,SALARY,HOURPAY,YEARACCUMMIN,MONTHACCUMMIN,WEEKACCUMMIN,FIRSTSB,SECONDSB) values("CP777771","3d66af21f60bcd5a09bfc9a975d8f4ac","cp777771@mas.com","cockpit","777-300",0,0,"CP777771","XIAOMING","HUANG","Pilot",8000,80,0,0,0,0,0)
INSERT IGNORE INTO Cockpitcrew(CPNAME,CPPASSWORD,EMAIL,STFTYPE,LICENCE,ATTEMPT,LOCKED,USER_USERNAME,FIRSTNAME,LASTNAME,STFLEVEL,SALARY,HOURPAY,YEARACCUMMIN,MONTHACCUMMIN,WEEKACCUMMIN,FIRSTSB,SECONDSB) values("CP777772","76f41183ee4c367a3a75a13a04e97740","cp777772@mas.com","cockpit","777-300",0,0,"CP777772","XIAOMING","HUANG","Pilot",8000,80,0,0,0,0,0)
INSERT IGNORE INTO Cockpitcrew(CPNAME,CPPASSWORD,EMAIL,STFTYPE,LICENCE,ATTEMPT,LOCKED,USER_USERNAME,FIRSTNAME,LASTNAME,STFLEVEL,SALARY,HOURPAY,YEARACCUMMIN,MONTHACCUMMIN,WEEKACCUMMIN,FIRSTSB,SECONDSB) values("CP777773","e5d867a51869244c2d9f1c823001261f","cp777773@mas.com","cockpit","777-300",0,0,"CP777773","XIAOMING","HUANG","Pilot",8000,80,0,0,0,0,0)
INSERT IGNORE INTO Cockpitcrew(CPNAME,CPPASSWORD,EMAIL,STFTYPE,LICENCE,ATTEMPT,LOCKED,USER_USERNAME,FIRSTNAME,LASTNAME,STFLEVEL,SALARY,HOURPAY,YEARACCUMMIN,MONTHACCUMMIN,WEEKACCUMMIN,FIRSTSB,SECONDSB) values("CP777774","96e3a29f06ac65aef055c79032ce3e84","cp777774@mas.com","cockpit","777-300",0,0,"CP777774","XIAOMING","HUANG","Pilot",8000,80,0,0,0,0,0)
INSERT IGNORE INTO Cockpitcrew(CPNAME,CPPASSWORD,EMAIL,STFTYPE,LICENCE,ATTEMPT,LOCKED,USER_USERNAME,FIRSTNAME,LASTNAME,STFLEVEL,SALARY,HOURPAY,YEARACCUMMIN,MONTHACCUMMIN,WEEKACCUMMIN,FIRSTSB,SECONDSB) values("CP777775","9e30283edbc586af9d30565d0a9fd553","cp777775@mas.com","cockpit","777-300",0,0,"CP777775","XIAOMING","HUANG","Pilot",8000,80,0,0,0,0,0)
INSERT IGNORE INTO Cockpitcrew(CPNAME,CPPASSWORD,EMAIL,STFTYPE,LICENCE,ATTEMPT,LOCKED,USER_USERNAME,FIRSTNAME,LASTNAME,STFLEVEL,SALARY,HOURPAY,YEARACCUMMIN,MONTHACCUMMIN,WEEKACCUMMIN,FIRSTSB,SECONDSB) values("CP777776","d676d72b291828b7e9fa399d4109579b","cp777776@mas.com","cockpit","777-300",0,0,"CP777776","XIAOMING","HUANG","Pilot",8000,80,0,0,0,0,0)
-- INSERT IGNORE INTO Cockpitcrew(CPNAME,CPPASSWORD,EMAIL,STFTYPE,LICENCE,ATTEMPT,LOCKED,USER_USERNAME,FIRSTNAME,LASTNAME,STFLEVEL,SALARY,HOURPAY,YEARACCUMMIN,MONTHACCUMMIN,WEEKACCUMMIN,FIRSTSB,SECONDSB) values("CP777777","91da5b4c6cb97677b5b66f0f07ef993b","cp777777@mas.com","cockpit","A380",0,0,"CP777777","XIAOMING","HUANG","Pilot",15000,90,0,0,0,0,0)
INSERT IGNORE INTO Cockpitcrew(CPNAME,CPPASSWORD,EMAIL,STFTYPE,LICENCE,ATTEMPT,LOCKED,USER_USERNAME,FIRSTNAME,LASTNAME,STFLEVEL,SALARY,HOURPAY,YEARACCUMMIN,MONTHACCUMMIN,WEEKACCUMMIN,FIRSTSB,SECONDSB) values("CP777778","ba1bcb02747bc4e18269a6efc7a9cf90","cp777778@mas.com","cockpit","A380",0,0,"CP777778","XIAOMING","HUANG","Pilot",8000,80,0,0,0,0,0)
INSERT IGNORE INTO Cockpitcrew(CPNAME,CPPASSWORD,EMAIL,STFTYPE,LICENCE,ATTEMPT,LOCKED,USER_USERNAME,FIRSTNAME,LASTNAME,STFLEVEL,SALARY,HOURPAY,YEARACCUMMIN,MONTHACCUMMIN,WEEKACCUMMIN,FIRSTSB,SECONDSB) values("CP777779","cd1902af38a6e242e92959f96aa01df7","cp777779@mas.com","cockpit","A380",0,0,"CP777779","XIAOMING","HUANG","Pilot",8000,80,0,0,0,0,0)
INSERT IGNORE INTO Cockpitcrew(CPNAME,CPPASSWORD,EMAIL,STFTYPE,LICENCE,ATTEMPT,LOCKED,USER_USERNAME,FIRSTNAME,LASTNAME,STFLEVEL,SALARY,HOURPAY,YEARACCUMMIN,MONTHACCUMMIN,WEEKACCUMMIN,FIRSTSB,SECONDSB) values("CP777780","b85de9a11b1a8cc4184e3d4295bd24c5","cp777780@mas.com","cockpit","A380",0,0,"CP777780","XIAOMING","HUANG","Pilot",8000,80,0,0,0,0,0)
INSERT IGNORE INTO Cockpitcrew(CPNAME,CPPASSWORD,EMAIL,STFTYPE,LICENCE,ATTEMPT,LOCKED,USER_USERNAME,FIRSTNAME,LASTNAME,STFLEVEL,SALARY,HOURPAY,YEARACCUMMIN,MONTHACCUMMIN,WEEKACCUMMIN,FIRSTSB,SECONDSB) values("CP777781","a7e21c2493f5fcb86cf9d2b2853dfc16","cp777781@mas.com","cockpit","A380",0,0,"CP777781","XIAOMING","HUANG","Pilot",8000,80,0,0,0,0,0)
INSERT IGNORE INTO Cockpitcrew(CPNAME,CPPASSWORD,EMAIL,STFTYPE,LICENCE,ATTEMPT,LOCKED,USER_USERNAME,FIRSTNAME,LASTNAME,STFLEVEL,SALARY,HOURPAY,YEARACCUMMIN,MONTHACCUMMIN,WEEKACCUMMIN,FIRSTSB,SECONDSB) values("CP777782","d712df13dede06925178b224ad5d2ceb","cp777782@mas.com","cockpit","A380",0,0,"CP777782","XIAOMING","HUANG","Pilot",8000,80,0,0,0,0,0)
INSERT IGNORE INTO Cockpitcrew(CPNAME,CPPASSWORD,EMAIL,STFTYPE,LICENCE,ATTEMPT,LOCKED,USER_USERNAME,FIRSTNAME,LASTNAME,STFLEVEL,SALARY,HOURPAY,YEARACCUMMIN,MONTHACCUMMIN,WEEKACCUMMIN,FIRSTSB,SECONDSB) values("CP777783","5c46c15adfe860011fca01cd7d5c4432","cp777783@mas.com","cockpit","A380",0,0,"CP777783","XIAOMING","HUANG","Pilot",8000,80,0,0,0,0,0)
INSERT IGNORE INTO Cockpitcrew(CPNAME,CPPASSWORD,EMAIL,STFTYPE,LICENCE,ATTEMPT,LOCKED,USER_USERNAME,FIRSTNAME,LASTNAME,STFLEVEL,SALARY,HOURPAY,YEARACCUMMIN,MONTHACCUMMIN,WEEKACCUMMIN,FIRSTSB,SECONDSB) values("CP777784","ae85cabace46c4cb4145125b84279f80","cp777784@mas.com","cockpit","A380",0,0,"CP777784","XIAOMING","HUANG","Pilot",8000,80,0,0,0,0,0)
INSERT IGNORE INTO Cockpitcrew(CPNAME,CPPASSWORD,EMAIL,STFTYPE,LICENCE,ATTEMPT,LOCKED,USER_USERNAME,FIRSTNAME,LASTNAME,STFLEVEL,SALARY,HOURPAY,YEARACCUMMIN,MONTHACCUMMIN,WEEKACCUMMIN,FIRSTSB,SECONDSB) values("CP777785","24f9e69a3d1ee6bb6064ef5e0bdf33a3","cp777785@mas.com","cockpit","A380",0,0,"CP777785","XIAOMING","HUANG","Pilot",8000,80,0,0,0,0,0)
INSERT IGNORE INTO Cockpitcrew(CPNAME,CPPASSWORD,EMAIL,STFTYPE,LICENCE,ATTEMPT,LOCKED,USER_USERNAME,FIRSTNAME,LASTNAME,STFLEVEL,SALARY,HOURPAY,YEARACCUMMIN,MONTHACCUMMIN,WEEKACCUMMIN,FIRSTSB,SECONDSB) values("CP777786","bae58b94a6f1f2c94d9f85a22ab5f492","cp777786@mas.com","cockpit","A380",0,0,"CP777786","XIAOMING","HUANG","Pilot",8000,80,0,0,0,0,0)
INSERT IGNORE INTO Cockpitcrew(CPNAME,CPPASSWORD,EMAIL,STFTYPE,LICENCE,ATTEMPT,LOCKED,USER_USERNAME,FIRSTNAME,LASTNAME,STFLEVEL,SALARY,HOURPAY,YEARACCUMMIN,MONTHACCUMMIN,WEEKACCUMMIN,FIRSTSB,SECONDSB) values("CP777787","37a27409378575e83ffb6677b6d5553a","cp777787@mas.com","cockpit","A380",0,0,"CP777787","XIAOMING","HUANG","Pilot",8000,80,0,0,0,0,0)
INSERT IGNORE INTO Cockpitcrew(CPNAME,CPPASSWORD,EMAIL,STFTYPE,LICENCE,ATTEMPT,LOCKED,USER_USERNAME,FIRSTNAME,LASTNAME,STFLEVEL,SALARY,HOURPAY,YEARACCUMMIN,MONTHACCUMMIN,WEEKACCUMMIN,FIRSTSB,SECONDSB) values("CP777788","fe29732d9ae22bc8582d28a214daa2d3","cp777788@mas.com","cockpit","A380",0,0,"CP777788","XIAOMING","HUANG","Pilot",8000,80,0,0,0,0,0)
INSERT IGNORE INTO Cockpitcrew(CPNAME,CPPASSWORD,EMAIL,STFTYPE,LICENCE,ATTEMPT,LOCKED,USER_USERNAME,FIRSTNAME,LASTNAME,STFLEVEL,SALARY,HOURPAY,YEARACCUMMIN,MONTHACCUMMIN,WEEKACCUMMIN,FIRSTSB,SECONDSB) values("CP777789","3a8e41bc3b9917aa028dbeb23915d6f2","cp777789@mas.com","cockpit","A380",0,0,"CP777789","XIAOMING","HUANG","Pilot",8000,80,0,0,0,0,0)
INSERT IGNORE INTO Cockpitcrew(CPNAME,CPPASSWORD,EMAIL,STFTYPE,LICENCE,ATTEMPT,LOCKED,USER_USERNAME,FIRSTNAME,LASTNAME,STFLEVEL,SALARY,HOURPAY,YEARACCUMMIN,MONTHACCUMMIN,WEEKACCUMMIN,FIRSTSB,SECONDSB) values("CP777790","84f4b0291753d00588bcbcfe81221c00","cp777790@mas.com","cockpit","A380",0,0,"CP777790","XIAOMING","HUANG","Pilot",8000,80,0,0,0,0,0)
INSERT IGNORE INTO Cockpitcrew(CPNAME,CPPASSWORD,EMAIL,STFTYPE,LICENCE,ATTEMPT,LOCKED,USER_USERNAME,FIRSTNAME,LASTNAME,STFLEVEL,SALARY,HOURPAY,YEARACCUMMIN,MONTHACCUMMIN,WEEKACCUMMIN,FIRSTSB,SECONDSB) values("CP777791","7838d96144d2aadeb27e606c0b3ea0ba","cp777791@mas.com","cockpit","A380",0,0,"CP777791","XIAOMING","HUANG","Pilot",8000,80,0,0,0,0,0)
INSERT IGNORE INTO Cockpitcrew(CPNAME,CPPASSWORD,EMAIL,STFTYPE,LICENCE,ATTEMPT,LOCKED,USER_USERNAME,FIRSTNAME,LASTNAME,STFLEVEL,SALARY,HOURPAY,YEARACCUMMIN,MONTHACCUMMIN,WEEKACCUMMIN,FIRSTSB,SECONDSB) values("CP777792","6fc38818fbd5f670cf710eb2bbe666d9","cp777792@mas.com","cockpit","A380",0,0,"CP777792","XIAOMING","HUANG","Pilot",8000,80,0,0,0,0,0)
INSERT IGNORE INTO Cockpitcrew(CPNAME,CPPASSWORD,EMAIL,STFTYPE,LICENCE,ATTEMPT,LOCKED,USER_USERNAME,FIRSTNAME,LASTNAME,STFLEVEL,SALARY,HOURPAY,YEARACCUMMIN,MONTHACCUMMIN,WEEKACCUMMIN,FIRSTSB,SECONDSB) values("CP777793","9f5f3856c0d967d647ebf21529d53dd2","cp777793@mas.com","cockpit","A380",0,0,"CP777793","XIAOMING","HUANG","Pilot",8000,80,0,0,0,0,0)
INSERT IGNORE INTO Cockpitcrew(CPNAME,CPPASSWORD,EMAIL,STFTYPE,LICENCE,ATTEMPT,LOCKED,USER_USERNAME,FIRSTNAME,LASTNAME,STFLEVEL,SALARY,HOURPAY,YEARACCUMMIN,MONTHACCUMMIN,WEEKACCUMMIN,FIRSTSB,SECONDSB) values("CP777794","d50521686315a1111df60f8c95d57830","cp777794@mas.com","cockpit","A380",0,0,"CP777794","XIAOMING","HUANG","Pilot",8000,80,0,0,0,0,0)
INSERT IGNORE INTO Cockpitcrew(CPNAME,CPPASSWORD,EMAIL,STFTYPE,LICENCE,ATTEMPT,LOCKED,USER_USERNAME,FIRSTNAME,LASTNAME,STFLEVEL,SALARY,HOURPAY,YEARACCUMMIN,MONTHACCUMMIN,WEEKACCUMMIN,FIRSTSB,SECONDSB) values("CP777795","2f70e13fb6b6d7be80c22ca1b205e063","cp777795@mas.com","cockpit","A380",0,0,"CP777795","XIAOMING","HUANG","Pilot",8000,80,0,0,0,0,0)
INSERT IGNORE INTO Cockpitcrew(CPNAME,CPPASSWORD,EMAIL,STFTYPE,LICENCE,ATTEMPT,LOCKED,USER_USERNAME,FIRSTNAME,LASTNAME,STFLEVEL,SALARY,HOURPAY,YEARACCUMMIN,MONTHACCUMMIN,WEEKACCUMMIN,FIRSTSB,SECONDSB) values("CP777796","9b7d02920496cd223fd018eead9ff80e","cp777796@mas.com","cockpit","A380",0,0,"CP777796","XIAOMING","HUANG","Pilot",8000,80,0,0,0,0,0)
INSERT IGNORE INTO Cockpitcrew(CPNAME,CPPASSWORD,EMAIL,STFTYPE,LICENCE,ATTEMPT,LOCKED,USER_USERNAME,FIRSTNAME,LASTNAME,STFLEVEL,SALARY,HOURPAY,YEARACCUMMIN,MONTHACCUMMIN,WEEKACCUMMIN,FIRSTSB,SECONDSB) values("CP777797","e86b620ad03099b65f1fa15800dce285","cp777797@mas.com","cockpit","A380",0,0,"CP777797","XIAOMING","HUANG","Pilot",8000,80,0,0,0,0,0)
INSERT IGNORE INTO Cockpitcrew(CPNAME,CPPASSWORD,EMAIL,STFTYPE,LICENCE,ATTEMPT,LOCKED,USER_USERNAME,FIRSTNAME,LASTNAME,STFLEVEL,SALARY,HOURPAY,YEARACCUMMIN,MONTHACCUMMIN,WEEKACCUMMIN,FIRSTSB,SECONDSB) values("CP777798","c1fd47903143d6c630f8c69bd6872dbb","cp777798@mas.com","cockpit","A380",0,0,"CP777798","XIAOMING","HUANG","Pilot",8000,80,0,0,0,0,0)
INSERT IGNORE INTO Cockpitcrew(CPNAME,CPPASSWORD,EMAIL,STFTYPE,LICENCE,ATTEMPT,LOCKED,USER_USERNAME,FIRSTNAME,LASTNAME,STFLEVEL,SALARY,HOURPAY,YEARACCUMMIN,MONTHACCUMMIN,WEEKACCUMMIN,FIRSTSB,SECONDSB) values("CP777799","697597d55ce92cf9f28d2dea4a5d7712","cp777799@mas.com","cockpit","A380",0,0,"CP777799","XIAOMING","HUANG","Pilot",8000,80,0,0,0,0,0)
INSERT IGNORE INTO Cockpitcrew(CPNAME,CPPASSWORD,EMAIL,STFTYPE,LICENCE,ATTEMPT,LOCKED,USER_USERNAME,FIRSTNAME,LASTNAME,STFLEVEL,SALARY,HOURPAY,YEARACCUMMIN,MONTHACCUMMIN,WEEKACCUMMIN,FIRSTSB,SECONDSB) values("CP777800","6c50cc411d3b616edba809a55cd60ac7","cp777800@mas.com","cockpit","A380",0,0,"CP777800","XIAOMING","HUANG","Pilot",8000,80,0,0,0,0,0)


INSERT IGNORE INTO FlightFrequency(id,route_id, flightNo, startDate,endDate,scheduleDepTime,scheduleArrTime, dateAdjust, onMon,  onTue, onWed, onThu,  onFri, onSat, onSun,depTerminal,arrTerminal) values (10000,10000,'MR001',"2015-01-01","2025-01-01","10:00","15:00",0,True,False,True,False,True,False,True,"Terminal 1","Terminal 2")
INSERT IGNORE INTO FlightFrequency(id,route_id, flightNo,  startDate,endDate,scheduleDepTime,scheduleArrTime, dateAdjust, onMon,  onTue, onWed, onThu,  onFri, onSat, onSun,depTerminal,arrTerminal) values (20000,20000,'MR002',"2012-10-08","2022-10-08","18:00","23:00",0,True,False,True,False,True,False,True,"Terminal 1","Terminal 2")
INSERT IGNORE INTO FlightFrequency(id,route_id, flightNo, startDate,endDate,scheduleDepTime,scheduleArrTime, dateAdjust, onMon,  onTue, onWed, onThu,  onFri, onSat, onSun,depTerminal,arrTerminal) values (30000,30000,'MR003',"2015-01-01","2025-01-01","08:00","12:00",0,False,True,False,True,False,True,False,"Terminal 1","Terminal 2")
INSERT IGNORE INTO FlightFrequency(id,route_id, flightNo,  startDate,endDate,scheduleDepTime,scheduleArrTime, dateAdjust, onMon,  onTue, onWed, onThu,  onFri, onSat, onSun,depTerminal,arrTerminal) values (40000,40000,'MR004',"2012-10-08","2022-10-08","03:00","07:00",0,True,False,False,True,False,True,False,"Terminal 1","Terminal 2")
INSERT IGNORE INTO FlightFrequency(id,route_id, flightNo, startDate,endDate,scheduleDepTime,scheduleArrTime, dateAdjust, onMon,  onTue, onWed, onThu,  onFri, onSat, onSun,depTerminal,arrTerminal) values (50000,50000,'MR005',"2015-01-01","2025-01-01","15:00","21:00",0,False,True,False,True,False,True,False,"Terminal 1","Terminal 2")
INSERT IGNORE INTO FlightFrequency(id,route_id, flightNo,  startDate,endDate,scheduleDepTime,scheduleArrTime, dateAdjust, onMon,  onTue, onWed, onThu,  onFri, onSat, onSun,depTerminal,arrTerminal) values (60000,60000,'MR006',"2012-10-08","2022-10-08","16:00","22:00",0,False,False,True,False,True,False,True,"Terminal 1","Terminal 2")


INSERT IGNORE INTO FlightInstance(id,flightFrequency_id,date,estimatedDepTime,estimatedArrTime,actualDepTime,actualArrTime,flightStatus,estimatedDateAdjust,actualDateAdjust,standardDepTime,standardArrTime,aircraft_registrationNo,standardDepTimeDateType,standardArrTimeDateType,depGate) values(30000,30000,"2015-12-08","08:00","12:00","08:00","12:00","Testing",0,0,"2015-12-08 08:00","2015-12-08 12:00","9V-000",'2015-12-08 08:00','2015-12-08 12:00',"Gate 30")
INSERT IGNORE INTO FlightInstance(id,flightFrequency_id,date,estimatedDepTime,estimatedArrTime,actualDepTime,actualArrTime,flightStatus,estimatedDateAdjust,actualDateAdjust,standardDepTime,standardArrTime,aircraft_registrationNo,standardDepTimeDateType,standardArrTimeDateType,depGate) values(50000,50000,"2015-12-08","15:00","21:00","15:00","21:00","Testing",0,0,"2015-12-08 15:00","2015-12-08 21:00","9V-000",'2015-12-08 15:00','2015-12-08 21:00',"Gate 30")
INSERT IGNORE INTO FlightInstance(id,flightFrequency_id,date,estimatedDepTime,estimatedArrTime,actualDepTime,actualArrTime,flightStatus,estimatedDateAdjust,actualDateAdjust,standardDepTime,standardArrTime,aircraft_registrationNo,standardDepTimeDateType,standardArrTimeDateType,depGate) values(60000,60000,"2015-12-23","16:00","22:00","16:00","22:00","Testing",0,0,"2015-12-23 16:00","2015-12-23 22:00","9V-000",'2015-12-23 16:00','2015-12-23 22:00',"Gate 30")
INSERT IGNORE INTO FlightInstance(id,flightFrequency_id,date,estimatedDepTime,estimatedArrTime,actualDepTime,actualArrTime,flightStatus,estimatedDateAdjust,actualDateAdjust,standardDepTime,standardArrTime,aircraft_registrationNo,standardDepTimeDateType,standardArrTimeDateType,depGate) values(40000,40000,"2015-12-24","03:00","07:00","03:00","07:00","Testing",0,0,"2015-12-24 03:00","2015-12-24 07:00","9V-000",'2015-12-24 03:00','2015-12-24 07:00',"Gate 30")

INSERT IGNORE INTO FlightInstance(id,flightFrequency_id,date,estimatedDepTime,estimatedArrTime,actualDepTime,actualArrTime,flightStatus,estimatedDateAdjust,actualDateAdjust,standardDepTime,standardArrTime,aircraft_registrationNo,standardDepTimeDateType,standardArrTimeDateType,depGate) values(110000,30000,"2015-12-15","08:00","12:00","08:00","12:00","Testing",0,0,"2015-12-15 08:00","2015-12-15 12:00","9V-000",'2015-12-15 08:00','2015-12-15 12:00',"Gate 30")
INSERT IGNORE INTO FlightInstance(id,flightFrequency_id,date,estimatedDepTime,estimatedArrTime,actualDepTime,actualArrTime,flightStatus,estimatedDateAdjust,actualDateAdjust,standardDepTime,standardArrTime,aircraft_registrationNo,standardDepTimeDateType,standardArrTimeDateType,depGate) values(120000,50000,"2015-12-15","15:00","21:00","15:00","21:00","Testing",0,0,"2015-12-15 15:00","2015-12-15 21:00","9V-000",'2015-12-15 15:00','2015-12-15 21:00',"Gate 30")
INSERT IGNORE INTO FlightInstance(id,flightFrequency_id,date,estimatedDepTime,estimatedArrTime,actualDepTime,actualArrTime,flightStatus,estimatedDateAdjust,actualDateAdjust,standardDepTime,standardArrTime,aircraft_registrationNo,standardDepTimeDateType,standardArrTimeDateType,depGate) values(160000,60000,"2015-12-30","16:00","22:00","16:00","22:00","Testing",0,0,"2015-12-30 16:00","2015-12-30 22:00","9V-000",'2015-12-30 16:00','2015-12-30 22:00',"Gate 30")
INSERT IGNORE INTO FlightInstance(id,flightFrequency_id,date,estimatedDepTime,estimatedArrTime,actualDepTime,actualArrTime,flightStatus,estimatedDateAdjust,actualDateAdjust,standardDepTime,standardArrTime,aircraft_registrationNo,standardDepTimeDateType,standardArrTimeDateType,depGate) values(140000,40000,"2015-12-31","03:00","07:00","03:00","07:00","Testing",0,0,"2015-12-31 03:00","2015-12-31 07:00","9V-000",'2015-12-31 03:00','2015-12-31 07:00',"Gate 30")

INSERT IGNORE INTO FlightInstance(id,flightFrequency_id,date,estimatedDepTime,estimatedArrTime,actualDepTime,actualArrTime,flightStatus,estimatedDateAdjust,actualDateAdjust,standardDepTime,standardArrTime,aircraft_registrationNo,standardDepTimeDateType,standardArrTimeDateType,depGate) values(1000000,10000,"2015-10-13","10:00","15:00","10:00","15:00","Testing",0,0,"2015-10-13 10:00","2015-10-13 15:00","9V-000",'2015-10-13 10:00','2015-10-13 15:00',"Gate 30")
INSERT IGNORE INTO FlightInstance(id,flightFrequency_id,date,estimatedDepTime,estimatedArrTime,actualDepTime,actualArrTime,flightStatus,estimatedDateAdjust,actualDateAdjust,standardDepTime,standardArrTime,aircraft_registrationNo,standardDepTimeDateType,standardArrTimeDateType,depGate) values(1000001,20000,"2015-10-13","18:00","23:00","18:00","23:00","Testing",0,0,"2015-10-13 18:00","2015-10-13 23:00","9V-000",'2015-10-13 18:00','2015-10-13 23:00',"Gate 30")

-- INSERT IGNORE INTO FlightInstance(id,flightFrequency_id,date,estimatedDepTime,estimatedArrTime,actualDepTime,actualArrTime,flightStatus,estimatedDateAdjust,actualDateAdjust,standardDepTime,standardArrTime,aircraft_registrationNo,standardDepTimeDateType,standardArrTimeDateType) values(10000,10000,"2015-11-01","10:00","15:00","10:00","15:00","Testing",0,0,"2015-11-01 10:00","2015-11-01 15:00","9V-000",'2015-11-01 10:00','2015-11-01 15:00')
-- INSERT IGNORE INTO FlightInstance(id,flightFrequency_id,date,estimatedDepTime,estimatedArrTime,actualDepTime,actualArrTime,flightStatus,estimatedDateAdjust,actualDateAdjust,standardDepTime,standardArrTime,aircraft_registrationNo,standardDepTimeDateType,standardArrTimeDateType) values(20000,20000,"2015-11-03","10:00","15:00","10:00","15:00","Testing",0,0,"2015-11-03 10:00","2015-11-03 15:00","9V-000",'2015-11-03 10:00','2015-11-03 15:00')
-- INSERT IGNORE INTO FlightInstance(id,flightFrequency_id,date,estimatedDepTime,estimatedArrTime,actualDepTime,actualArrTime,flightStatus,estimatedDateAdjust,actualDateAdjust,standardDepTime,standardArrTime,aircraft_registrationNo,standardDepTimeDateType,standardArrTimeDateType) values(70000,30000,"2015-12-19","10:00","15:00","10:00","15:00","Testing",0,0,"2015-12-19 10:00","2015-12-19 15:00","9V-000",'2015-12-19 10:00','2015-12-19 15:00')

-- INSERT IGNORE INTO FlightInstance(id,flightFrequency_id,date,estimatedDepTime,estimatedArrTime,actualDepTime,actualArrTime,flightStatus,estimatedDateAdjust,actualDateAdjust,standardDepTime,standardArrTime,aircraft_registrationNo,standardDepTimeDateType,standardArrTimeDateType) values(80000,50000,"2015-12-15","17:00","20:00","17:00","20:00","Testing",0,0,"2015-12-15 17:00","2015-12-15 20:00","9V-000",'2015-12-15 17:00','2015-12-15 20:00')
-- INSERT IGNORE INTO FlightInstance(id,flightFrequency_id,date,estimatedDepTime,estimatedArrTime,actualDepTime,actualArrTime,flightStatus,estimatedDateAdjust,actualDateAdjust,standardDepTime,standardArrTime,aircraft_registrationNo,standardDepTimeDateType,standardArrTimeDateType) values(90000,50000,"2015-12-17","17:00","20:00","17:00","20:00","Testing",0,0,"2015-12-17 17:00","2015-12-17 20:00","9V-000",'2015-12-17 17:00','2015-12-17 20:00')
-- INSERT IGNORE INTO FlightInstance(id,flightFrequency_id,date,estimatedDepTime,estimatedArrTime,actualDepTime,actualArrTime,flightStatus,estimatedDateAdjust,actualDateAdjust,standardDepTime,standardArrTime,aircraft_registrationNo,standardDepTimeDateType,standardArrTimeDateType) values(100000,50000,"2015-12-19","17:00","20:00","17:00","20:00","Testing",0,0,"2015-12-19 17:00","2015-12-19 20:00","9V-000",'2015-12-19 17:00','2015-12-19 20:00')




INSERT IGNORE INTO FlightCabin(id,flightInstance_id,cabinClass_cabinID,bookedSeat) values (10000,30000,10000,0)
INSERT IGNORE INTO FlightCabin(id,flightInstance_id,cabinClass_cabinID,bookedSeat) values (20000,30000,20000,0)
INSERT IGNORE INTO FlightCabin(id,flightInstance_id,cabinClass_cabinID,bookedSeat) values (30000,30000,30000,0)
INSERT IGNORE INTO FlightCabin(id,flightInstance_id,cabinClass_cabinID,bookedSeat) values (40000,30000,40000,0)
INSERT IGNORE INTO FlightCabin(id,flightInstance_id,cabinClass_cabinID,bookedSeat) values (50000,30000,50000,0)

INSERT IGNORE INTO FlightCabin(id,flightInstance_id,cabinClass_cabinID,bookedSeat) values (60000,40000,10000,0)
INSERT IGNORE INTO FlightCabin(id,flightInstance_id,cabinClass_cabinID,bookedSeat) values (70000,40000,20000,0)
INSERT IGNORE INTO FlightCabin(id,flightInstance_id,cabinClass_cabinID,bookedSeat) values (80000,40000,30000,0)
INSERT IGNORE INTO FlightCabin(id,flightInstance_id,cabinClass_cabinID,bookedSeat) values (90000,40000,40000,0)
INSERT IGNORE INTO FlightCabin(id,flightInstance_id,cabinClass_cabinID,bookedSeat) values (100000,40000,50000,0)

INSERT IGNORE INTO FlightCabin(id,flightInstance_id,cabinClass_cabinID,bookedSeat) values (110000,50000,10000,0)
INSERT IGNORE INTO FlightCabin(id,flightInstance_id,cabinClass_cabinID,bookedSeat) values (120000,50000,20000,0)
INSERT IGNORE INTO FlightCabin(id,flightInstance_id,cabinClass_cabinID,bookedSeat) values (130000,50000,30000,0)
INSERT IGNORE INTO FlightCabin(id,flightInstance_id,cabinClass_cabinID,bookedSeat) values (140000,50000,40000,0)
INSERT IGNORE INTO FlightCabin(id,flightInstance_id,cabinClass_cabinID,bookedSeat) values (150000,50000,50000,0)

INSERT IGNORE INTO FlightCabin(id,flightInstance_id,cabinClass_cabinID,bookedSeat) values (160000,60000,10000,0)
INSERT IGNORE INTO FlightCabin(id,flightInstance_id,cabinClass_cabinID,bookedSeat) values (170000,60000,20000,0)
INSERT IGNORE INTO FlightCabin(id,flightInstance_id,cabinClass_cabinID,bookedSeat) values (180000,60000,30000,0)
INSERT IGNORE INTO FlightCabin(id,flightInstance_id,cabinClass_cabinID,bookedSeat) values (190000,60000,40000,0)
INSERT IGNORE INTO FlightCabin(id,flightInstance_id,cabinClass_cabinID,bookedSeat) values (200000,60000,50000,0)

INSERT IGNORE INTO FlightCabin(id,flightInstance_id,cabinClass_cabinID,bookedSeat) values (210000,110000,10000,0)
INSERT IGNORE INTO FlightCabin(id,flightInstance_id,cabinClass_cabinID,bookedSeat) values (220000,110000,20000,0)
INSERT IGNORE INTO FlightCabin(id,flightInstance_id,cabinClass_cabinID,bookedSeat) values (230000,110000,30000,0)
INSERT IGNORE INTO FlightCabin(id,flightInstance_id,cabinClass_cabinID,bookedSeat) values (240000,110000,40000,0)
INSERT IGNORE INTO FlightCabin(id,flightInstance_id,cabinClass_cabinID,bookedSeat) values (250000,110000,50000,0)

INSERT IGNORE INTO FlightCabin(id,flightInstance_id,cabinClass_cabinID,bookedSeat) values (260000,120000,10000,0)
INSERT IGNORE INTO FlightCabin(id,flightInstance_id,cabinClass_cabinID,bookedSeat) values (270000,120000,20000,0)
INSERT IGNORE INTO FlightCabin(id,flightInstance_id,cabinClass_cabinID,bookedSeat) values (280000,120000,30000,0)
INSERT IGNORE INTO FlightCabin(id,flightInstance_id,cabinClass_cabinID,bookedSeat) values (290000,120000,40000,0)
INSERT IGNORE INTO FlightCabin(id,flightInstance_id,cabinClass_cabinID,bookedSeat) values (300000,120000,50000,0)

INSERT IGNORE INTO FlightCabin(id,flightInstance_id,cabinClass_cabinID,bookedSeat) values (310000,160000,10000,0)
INSERT IGNORE INTO FlightCabin(id,flightInstance_id,cabinClass_cabinID,bookedSeat) values (320000,160000,20000,0)
INSERT IGNORE INTO FlightCabin(id,flightInstance_id,cabinClass_cabinID,bookedSeat) values (330000,160000,30000,0)
INSERT IGNORE INTO FlightCabin(id,flightInstance_id,cabinClass_cabinID,bookedSeat) values (340000,160000,40000,0)
INSERT IGNORE INTO FlightCabin(id,flightInstance_id,cabinClass_cabinID,bookedSeat) values (350000,160000,50000,0)

INSERT IGNORE INTO FlightCabin(id,flightInstance_id,cabinClass_cabinID,bookedSeat) values (360000,140000,10000,0)
INSERT IGNORE INTO FlightCabin(id,flightInstance_id,cabinClass_cabinID,bookedSeat) values (370000,140000,20000,0)
INSERT IGNORE INTO FlightCabin(id,flightInstance_id,cabinClass_cabinID,bookedSeat) values (380000,140000,30000,0)
INSERT IGNORE INTO FlightCabin(id,flightInstance_id,cabinClass_cabinID,bookedSeat) values (390000,140000,40000,0)
INSERT IGNORE INTO FlightCabin(id,flightInstance_id,cabinClass_cabinID,bookedSeat) values (400000,140000,50000,0)



INSERT IGNORE INTO BookingClass(id,annotation,cabinName,price_percentage,refund_percentage,change_route_percentage,change_date_percentage,change_passenger_percentage,open_jaw_percentage,earn_mile_percentage,min_stay,max_stay,ticket_advance,reserve_advance,can_standby,dds_available,gds_available) values(10000,'S','Suite',1,1,0,0,0,0,2,0,180,0,0,True,True,True)
INSERT IGNORE INTO BookingClass(id,annotation,cabinName,price_percentage,refund_percentage,change_route_percentage,change_date_percentage,change_passenger_percentage,open_jaw_percentage,earn_mile_percentage,min_stay,max_stay,ticket_advance,reserve_advance,can_standby,dds_available,gds_available)  values(20000,'F','First Class',1,1,0,0,0,0,1.5,0,180,0,0,True,True,True)
INSERT IGNORE INTO BookingClass(id,annotation,cabinName,price_percentage,refund_percentage,change_route_percentage,change_date_percentage,change_passenger_percentage,open_jaw_percentage,earn_mile_percentage,min_stay,max_stay,ticket_advance,reserve_advance,can_standby,dds_available,gds_available) values(30000,'J','Business Class',1.111,1,0,0,0,0,1.3,0,120,0,0,True,True,True)
INSERT IGNORE INTO BookingClass(id,annotation,cabinName,price_percentage,refund_percentage,change_route_percentage,change_date_percentage,change_passenger_percentage,open_jaw_percentage,earn_mile_percentage,min_stay,max_stay,ticket_advance,reserve_advance,can_standby,dds_available,gds_available)values(40000,'C','Business Class',1,0.95,0,0,0,0,1.2,0,120,0,0,True,True,True)
INSERT IGNORE INTO BookingClass(id,annotation,cabinName,price_percentage,refund_percentage,change_route_percentage,change_date_percentage,change_passenger_percentage,open_jaw_percentage,earn_mile_percentage,min_stay,max_stay,ticket_advance,reserve_advance,can_standby,dds_available,gds_available)  values(50000,'D','Premium Economy Class',1.25, 1,0,0,0,0,1.1,0,90,1,0,True,True,True)
INSERT IGNORE INTO BookingClass(id,annotation,cabinName,price_percentage,refund_percentage,change_route_percentage,change_date_percentage,change_passenger_percentage,open_jaw_percentage,earn_mile_percentage,min_stay,max_stay,ticket_advance,reserve_advance,can_standby,dds_available,gds_available)  values(60000,'P','Premium Economy Class',1.125,0.95,0.01,0.01,0,0.01,1,0,90,1,0,True,True,True)
INSERT IGNORE INTO BookingClass(id,annotation,cabinName,price_percentage,refund_percentage,change_route_percentage,change_date_percentage,change_passenger_percentage,open_jaw_percentage,earn_mile_percentage,min_stay,max_stay,ticket_advance,reserve_advance,can_standby,dds_available,gds_available)  values(70000,'Z','Premium Economy Class',1,0.90,0.01,0.01,0,0.01,1,0,90,1,0,True,True,True)
INSERT IGNORE INTO BookingClass(id,annotation,cabinName,price_percentage,refund_percentage,change_route_percentage,change_date_percentage,change_passenger_percentage,open_jaw_percentage,earn_mile_percentage,min_stay,max_stay,ticket_advance,reserve_advance,can_standby,dds_available,gds_available) values(80000,'Y','Economy Class',2, 1,0,0,0,0,1,0,90,0,0,True,True,True)
INSERT IGNORE INTO BookingClass(id,annotation,cabinName,price_percentage,refund_percentage,change_route_percentage,change_date_percentage,change_passenger_percentage,open_jaw_percentage,earn_mile_percentage,min_stay,max_stay,ticket_advance,reserve_advance,can_standby,dds_available,gds_available) values(90000,'B','Economy Class',1.8,0.9,0.05,0.05,0,0.05,0.8,1,90,1,0,True,True,True)
INSERT IGNORE INTO BookingClass(id,annotation,cabinName,price_percentage,refund_percentage,change_route_percentage,change_date_percentage,change_passenger_percentage,open_jaw_percentage,earn_mile_percentage,min_stay,max_stay,ticket_advance,reserve_advance,can_standby,dds_available,gds_available)  values(100000,'M','Economy Class',1.6,0.7,0.1,0.1,0.05,0.1,0.6,3,60,3,1,True,True,True)
INSERT IGNORE INTO BookingClass(id,annotation,cabinName,price_percentage,refund_percentage,change_route_percentage,change_date_percentage,change_passenger_percentage,open_jaw_percentage,earn_mile_percentage,min_stay,max_stay,ticket_advance,reserve_advance,can_standby,dds_available,gds_available) values(110000,'H','Economy Class',1.4,0.5,0.1,0.1,0.05,0.1,0.4,3,60,7,3,False,True,False)
INSERT IGNORE INTO BookingClass(id,annotation,cabinName,price_percentage,refund_percentage,change_route_percentage,change_date_percentage,change_passenger_percentage,open_jaw_percentage,earn_mile_percentage,min_stay,max_stay,ticket_advance,reserve_advance,can_standby,dds_available,gds_available)  values(120000,'Q','Economy Class',1.2,0,0.15,0.15,0.1,0.15,0.2,3,30,14,7,False,False,False)
INSERT IGNORE INTO BookingClass(id,annotation,cabinName,price_percentage,refund_percentage,change_route_percentage,change_date_percentage,change_passenger_percentage,open_jaw_percentage,earn_mile_percentage,min_stay,max_stay,ticket_advance,reserve_advance,can_standby,dds_available,gds_available)  values(130000,'N','Economy Class',1, 0,0.2,0.2,0.1,0.2,0,3,30,21,14,False,False,False)





INSERT IGNORE INTO BookingClassInstance(id, bookingClass_id,flightCabin_id,price,seatNo,bookedSeatNo) values(10000,10000,10000,3000,6,0)
INSERT IGNORE INTO BookingClassInstance(id, bookingClass_id,flightCabin_id,price,seatNo,bookedSeatNo) values(20000,20000,20000,2000,10,0)
INSERT IGNORE INTO BookingClassInstance(id, bookingClass_id,flightCabin_id,price,seatNo,bookedSeatNo) values(30000,30000,30000,1777,5,0)
INSERT IGNORE INTO BookingClassInstance(id, bookingClass_id,flightCabin_id,price,seatNo,bookedSeatNo) values(40000,40000,30000,1600,15,0)
INSERT IGNORE INTO BookingClassInstance(id, bookingClass_id,flightCabin_id,price,seatNo,bookedSeatNo) values(50000,50000,40000,1500,5,0)
INSERT IGNORE INTO BookingClassInstance(id, bookingClass_id,flightCabin_id,price,seatNo,bookedSeatNo) values(60000,60000,40000,1350,15,0)
INSERT IGNORE INTO BookingClassInstance(id, bookingClass_id,flightCabin_id,price,seatNo,bookedSeatNo) values(70000,70000,40000,1200,30,0)
INSERT IGNORE INTO BookingClassInstance(id, bookingClass_id,flightCabin_id,price,seatNo,bookedSeatNo) values(80000,80000,50000,1000,10,0)
INSERT IGNORE INTO BookingClassInstance(id, bookingClass_id,flightCabin_id,price,seatNo,bookedSeatNo) values(90000,90000,50000,900,30,0)
INSERT IGNORE INTO BookingClassInstance(id, bookingClass_id,flightCabin_id,price,seatNo,bookedSeatNo) values(100000,100000,50000,800,50,0)
INSERT IGNORE INTO BookingClassInstance(id, bookingClass_id,flightCabin_id,price,seatNo,bookedSeatNo) values(110000,110000,50000,700,60,0)
INSERT IGNORE INTO BookingClassInstance(id, bookingClass_id,flightCabin_id,price,seatNo,bookedSeatNo) values(120000,120000,50000,600,70,0)
INSERT IGNORE INTO BookingClassInstance(id, bookingClass_id,flightCabin_id,price,seatNo,bookedSeatNo) values(130000,130000,50000,500,80,0)

INSERT IGNORE INTO BookingClassInstance(id, bookingClass_id,flightCabin_id,price,seatNo,bookedSeatNo) values(140000,10000,60000,3000,3,0)
INSERT IGNORE INTO BookingClassInstance(id, bookingClass_id,flightCabin_id,price,seatNo,bookedSeatNo) values(150000,20000,70000,2000,20,0)
INSERT IGNORE INTO BookingClassInstance(id, bookingClass_id,flightCabin_id,price,seatNo,bookedSeatNo) values(160000,30000,80000,1777.6,15,0)
INSERT IGNORE INTO BookingClassInstance(id, bookingClass_id,flightCabin_id,price,seatNo,bookedSeatNo) values(170000,40000,80000,1600,35,0)
INSERT IGNORE INTO BookingClassInstance(id, bookingClass_id,flightCabin_id,price,seatNo,bookedSeatNo) values(180000,50000,90000,1500,20,0)
INSERT IGNORE INTO BookingClassInstance(id, bookingClass_id,flightCabin_id,price,seatNo,bookedSeatNo) values(190000,60000,90000,1350,30,0)
INSERT IGNORE INTO BookingClassInstance(id, bookingClass_id,flightCabin_id,price,seatNo,bookedSeatNo) values(200000,70000,90000,1200,50,0)
INSERT IGNORE INTO BookingClassInstance(id, bookingClass_id,flightCabin_id,price,seatNo,bookedSeatNo) values(210000,80000,100000,1000,10,0)
INSERT IGNORE INTO BookingClassInstance(id, bookingClass_id,flightCabin_id,price,seatNo,bookedSeatNo) values(220000,90000,100000,900,20,0)
INSERT IGNORE INTO BookingClassInstance(id, bookingClass_id,flightCabin_id,price,seatNo,bookedSeatNo) values(230000,100000,100000,800,30,0)
INSERT IGNORE INTO BookingClassInstance(id, bookingClass_id,flightCabin_id,price,seatNo,bookedSeatNo) values(240000,110000,100000,700,40,0)
INSERT IGNORE INTO BookingClassInstance(id, bookingClass_id,flightCabin_id,price,seatNo,bookedSeatNo) values(250000,120000,100000,600,45,0)
INSERT IGNORE INTO BookingClassInstance(id, bookingClass_id,flightCabin_id,price,seatNo,bookedSeatNo) values(260000,130000,100000,500,55,0)

INSERT IGNORE INTO BookingClassInstance(id, bookingClass_id,flightCabin_id,price,seatNo,bookedSeatNo) values(270000,10000,110000,3000,3,0)
INSERT IGNORE INTO BookingClassInstance(id, bookingClass_id,flightCabin_id,price,seatNo,bookedSeatNo) values(280000,20000,120000,2500,20,0)
INSERT IGNORE INTO BookingClassInstance(id, bookingClass_id,flightCabin_id,price,seatNo,bookedSeatNo) values(290000,30000,130000,1999.8,15,0)
INSERT IGNORE INTO BookingClassInstance(id, bookingClass_id,flightCabin_id,price,seatNo,bookedSeatNo) values(300000,40000,130000,1800,35,0)
INSERT IGNORE INTO BookingClassInstance(id, bookingClass_id,flightCabin_id,price,seatNo,bookedSeatNo) values(310000,50000,140000,1750,20,0)
INSERT IGNORE INTO BookingClassInstance(id, bookingClass_id,flightCabin_id,price,seatNo,bookedSeatNo) values(320000,60000,140000,1575,30,0)
INSERT IGNORE INTO BookingClassInstance(id, bookingClass_id,flightCabin_id,price,seatNo,bookedSeatNo) values(330000,70000,140000,1400,50,0)
INSERT IGNORE INTO BookingClassInstance(id, bookingClass_id,flightCabin_id,price,seatNo,bookedSeatNo) values(340000,80000,150000,1200,10,0)
INSERT IGNORE INTO BookingClassInstance(id, bookingClass_id,flightCabin_id,price,seatNo,bookedSeatNo) values(350000,90000,150000,1080,20,0)
INSERT IGNORE INTO BookingClassInstance(id, bookingClass_id,flightCabin_id,price,seatNo,bookedSeatNo) values(360000,100000,150000,960,30,0)
INSERT IGNORE INTO BookingClassInstance(id, bookingClass_id,flightCabin_id,price,seatNo,bookedSeatNo) values(370000,110000,150000,840,40,0)
INSERT IGNORE INTO BookingClassInstance(id, bookingClass_id,flightCabin_id,price,seatNo,bookedSeatNo) values(380000,120000,150000,720,45,0)
INSERT IGNORE INTO BookingClassInstance(id, bookingClass_id,flightCabin_id,price,seatNo,bookedSeatNo) values(390000,130000,150000,600,55,0)

INSERT IGNORE INTO BookingClassInstance(id, bookingClass_id,flightCabin_id,price,seatNo,bookedSeatNo) values(400000,10000,160000,3000,3,0)
INSERT IGNORE INTO BookingClassInstance(id, bookingClass_id,flightCabin_id,price,seatNo,bookedSeatNo) values(410000,20000,170000,2500,20,0)
INSERT IGNORE INTO BookingClassInstance(id, bookingClass_id,flightCabin_id,price,seatNo,bookedSeatNo) values(420000,30000,180000,1999,15,0)
INSERT IGNORE INTO BookingClassInstance(id, bookingClass_id,flightCabin_id,price,seatNo,bookedSeatNo) values(430000,40000,180000,1800,35,0)
INSERT IGNORE INTO BookingClassInstance(id, bookingClass_id,flightCabin_id,price,seatNo,bookedSeatNo) values(440000,50000,190000,1750,20,0)
INSERT IGNORE INTO BookingClassInstance(id, bookingClass_id,flightCabin_id,price,seatNo,bookedSeatNo) values(450000,60000,190000,1575,30,0)
INSERT IGNORE INTO BookingClassInstance(id, bookingClass_id,flightCabin_id,price,seatNo,bookedSeatNo) values(460000,70000,190000,1400,50,0)
INSERT IGNORE INTO BookingClassInstance(id, bookingClass_id,flightCabin_id,price,seatNo,bookedSeatNo) values(470000,80000,200000,1200,10,0)
INSERT IGNORE INTO BookingClassInstance(id, bookingClass_id,flightCabin_id,price,seatNo,bookedSeatNo) values(480000,90000,200000,1080,20,0)
INSERT IGNORE INTO BookingClassInstance(id, bookingClass_id,flightCabin_id,price,seatNo,bookedSeatNo) values(500000,100000,200000,960,30,0)
INSERT IGNORE INTO BookingClassInstance(id, bookingClass_id,flightCabin_id,price,seatNo,bookedSeatNo) values(510000,110000,200000,840,40,0)
INSERT IGNORE INTO BookingClassInstance(id, bookingClass_id,flightCabin_id,price,seatNo,bookedSeatNo) values(520000,120000,200000,720,45,0)
INSERT IGNORE INTO BookingClassInstance(id, bookingClass_id,flightCabin_id,price,seatNo,bookedSeatNo) values(530000,130000,200000,600,55,0)

INSERT IGNORE INTO BookingClassInstance(id, bookingClass_id,flightCabin_id,price,seatNo,bookedSeatNo) values(540000,10000,210000,3000,3,0)
INSERT IGNORE INTO BookingClassInstance(id, bookingClass_id,flightCabin_id,price,seatNo,bookedSeatNo) values(550000,20000,220000,2000,20,0)
INSERT IGNORE INTO BookingClassInstance(id, bookingClass_id,flightCabin_id,price,seatNo,bookedSeatNo) values(560000,30000,230000,1777,15,0)
INSERT IGNORE INTO BookingClassInstance(id, bookingClass_id,flightCabin_id,price,seatNo,bookedSeatNo) values(570000,40000,230000,1600,35,0)
INSERT IGNORE INTO BookingClassInstance(id, bookingClass_id,flightCabin_id,price,seatNo,bookedSeatNo) values(580000,50000,240000,1500,20,0)
INSERT IGNORE INTO BookingClassInstance(id, bookingClass_id,flightCabin_id,price,seatNo,bookedSeatNo) values(590000,60000,240000,1350,30,0)
INSERT IGNORE INTO BookingClassInstance(id, bookingClass_id,flightCabin_id,price,seatNo,bookedSeatNo) values(600000,70000,240000,1200,50,0)
INSERT IGNORE INTO BookingClassInstance(id, bookingClass_id,flightCabin_id,price,seatNo,bookedSeatNo) values(610000,80000,250000,1000,10,0)
INSERT IGNORE INTO BookingClassInstance(id, bookingClass_id,flightCabin_id,price,seatNo,bookedSeatNo) values(620000,90000,250000,900,20,0)
INSERT IGNORE INTO BookingClassInstance(id, bookingClass_id,flightCabin_id,price,seatNo,bookedSeatNo) values(630000,100000,250000,800,30,0)
INSERT IGNORE INTO BookingClassInstance(id, bookingClass_id,flightCabin_id,price,seatNo,bookedSeatNo) values(640000,110000,250000,700,40,0)
INSERT IGNORE INTO BookingClassInstance(id, bookingClass_id,flightCabin_id,price,seatNo,bookedSeatNo) values(650000,120000,250000,600,45,0)
INSERT IGNORE INTO BookingClassInstance(id, bookingClass_id,flightCabin_id,price,seatNo,bookedSeatNo) values(660000,130000,250000,500,55,0)


INSERT IGNORE INTO BookingClassInstance(id, bookingClass_id,flightCabin_id,price,seatNo,bookedSeatNo) values(670000,10000,260000,3000,3,0)
INSERT IGNORE INTO BookingClassInstance(id, bookingClass_id,flightCabin_id,price,seatNo,bookedSeatNo) values(680000,20000,270000,2500,20,0)
INSERT IGNORE INTO BookingClassInstance(id, bookingClass_id,flightCabin_id,price,seatNo,bookedSeatNo) values(690000,30000,280000,1999,15,0)
INSERT IGNORE INTO BookingClassInstance(id, bookingClass_id,flightCabin_id,price,seatNo,bookedSeatNo) values(700000,40000,280000,1800,35,0)
INSERT IGNORE INTO BookingClassInstance(id, bookingClass_id,flightCabin_id,price,seatNo,bookedSeatNo) values(710000,50000,290000,1750,20,0)
INSERT IGNORE INTO BookingClassInstance(id, bookingClass_id,flightCabin_id,price,seatNo,bookedSeatNo) values(720000,60000,290000,1575,30,0)
INSERT IGNORE INTO BookingClassInstance(id, bookingClass_id,flightCabin_id,price,seatNo,bookedSeatNo) values(730000,70000,290000,1400,50,0)
INSERT IGNORE INTO BookingClassInstance(id, bookingClass_id,flightCabin_id,price,seatNo,bookedSeatNo) values(740000,80000,300000,1200,10,0)
INSERT IGNORE INTO BookingClassInstance(id, bookingClass_id,flightCabin_id,price,seatNo,bookedSeatNo) values(750000,90000,300000,1080,20,0)
INSERT IGNORE INTO BookingClassInstance(id, bookingClass_id,flightCabin_id,price,seatNo,bookedSeatNo) values(760000,100000,300000,960,30,0)
INSERT IGNORE INTO BookingClassInstance(id, bookingClass_id,flightCabin_id,price,seatNo,bookedSeatNo) values(770000,110000,300000,840,40,0)
INSERT IGNORE INTO BookingClassInstance(id, bookingClass_id,flightCabin_id,price,seatNo,bookedSeatNo) values(780000,120000,300000,720,45,0)
INSERT IGNORE INTO BookingClassInstance(id, bookingClass_id,flightCabin_id,price,seatNo,bookedSeatNo) values(790000,130000,300000,600,55,0)

INSERT IGNORE INTO BookingClassInstance(id, bookingClass_id,flightCabin_id,price,seatNo,bookedSeatNo) values(800000,10000,310000,3000,3,0)
INSERT IGNORE INTO BookingClassInstance(id, bookingClass_id,flightCabin_id,price,seatNo,bookedSeatNo) values(810000,20000,320000,2500,20,0)
INSERT IGNORE INTO BookingClassInstance(id, bookingClass_id,flightCabin_id,price,seatNo,bookedSeatNo) values(820000,30000,330000,1999,15,0)
INSERT IGNORE INTO BookingClassInstance(id, bookingClass_id,flightCabin_id,price,seatNo,bookedSeatNo) values(830000,40000,330000,1800,35,0)
INSERT IGNORE INTO BookingClassInstance(id, bookingClass_id,flightCabin_id,price,seatNo,bookedSeatNo) values(840000,50000,340000,1750,20,0)
INSERT IGNORE INTO BookingClassInstance(id, bookingClass_id,flightCabin_id,price,seatNo,bookedSeatNo) values(850000,60000,340000,1575,30,0)
INSERT IGNORE INTO BookingClassInstance(id, bookingClass_id,flightCabin_id,price,seatNo,bookedSeatNo) values(860000,70000,340000,1400,50,0)
INSERT IGNORE INTO BookingClassInstance(id, bookingClass_id,flightCabin_id,price,seatNo,bookedSeatNo) values(870000,80000,350000,1200,10,0)
INSERT IGNORE INTO BookingClassInstance(id, bookingClass_id,flightCabin_id,price,seatNo,bookedSeatNo) values(880000,90000,350000,1080,20,0)
INSERT IGNORE INTO BookingClassInstance(id, bookingClass_id,flightCabin_id,price,seatNo,bookedSeatNo) values(890000,100000,350000,960,30,0)
INSERT IGNORE INTO BookingClassInstance(id, bookingClass_id,flightCabin_id,price,seatNo,bookedSeatNo) values(900000,110000,350000,840,40,0)
INSERT IGNORE INTO BookingClassInstance(id, bookingClass_id,flightCabin_id,price,seatNo,bookedSeatNo) values(910000,120000,350000,720,45,0)
INSERT IGNORE INTO BookingClassInstance(id, bookingClass_id,flightCabin_id,price,seatNo,bookedSeatNo) values(920000,130000,350000,600,55,0)

INSERT IGNORE INTO BookingClassInstance(id, bookingClass_id,flightCabin_id,price,seatNo,bookedSeatNo) values(930000,10000,360000,3000,3,0)
INSERT IGNORE INTO BookingClassInstance(id, bookingClass_id,flightCabin_id,price,seatNo,bookedSeatNo) values(940000,20000,370000,2000,20,0)
INSERT IGNORE INTO BookingClassInstance(id, bookingClass_id,flightCabin_id,price,seatNo,bookedSeatNo) values(950000,30000,380000,1777,15,0)
INSERT IGNORE INTO BookingClassInstance(id, bookingClass_id,flightCabin_id,price,seatNo,bookedSeatNo) values(960000,40000,380000,1600,35,0)
INSERT IGNORE INTO BookingClassInstance(id, bookingClass_id,flightCabin_id,price,seatNo,bookedSeatNo) values(970000,50000,390000,1500,20,0)
INSERT IGNORE INTO BookingClassInstance(id, bookingClass_id,flightCabin_id,price,seatNo,bookedSeatNo) values(980000,60000,390000,1350,30,0)
INSERT IGNORE INTO BookingClassInstance(id, bookingClass_id,flightCabin_id,price,seatNo,bookedSeatNo) values(990000,70000,390000,1200,50,0)
INSERT IGNORE INTO BookingClassInstance(id, bookingClass_id,flightCabin_id,price,seatNo,bookedSeatNo) values(1000000,80000,400000,1000,10,0)
INSERT IGNORE INTO BookingClassInstance(id, bookingClass_id,flightCabin_id,price,seatNo,bookedSeatNo) values(1010000,90000,400000,900,20,0)
INSERT IGNORE INTO BookingClassInstance(id, bookingClass_id,flightCabin_id,price,seatNo,bookedSeatNo) values(1020000,100000,400000,800,30,0)
INSERT IGNORE INTO BookingClassInstance(id, bookingClass_id,flightCabin_id,price,seatNo,bookedSeatNo) values(1030000,110000,400000,700,40,0)
INSERT IGNORE INTO BookingClassInstance(id, bookingClass_id,flightCabin_id,price,seatNo,bookedSeatNo) values(1040000,120000,400000,600,45,0)
INSERT IGNORE INTO BookingClassInstance(id, bookingClass_id,flightCabin_id,price,seatNo,bookedSeatNo) values(1050000,130000,400000,500,55,0)


INSERT IGNORE INTO Booker(id,address,contact,dob,email,firstname,lastname,memberstatus,miles,passport,title) values(11111,"Strathmore Ave", 7788414,"22/05/1989","hahaha@gmail.com","Hao","Li",true,0,"G12345678","Mr")
INSERT IGNORE INTO Booker(id,address,contact,dob,email,firstname,lastname,memberstatus,miles,passport,title) values(22222,"Strathmore Ave", 66666666,"22/05/1989","hehehe@gmail.com","Xi","Lu",true,0,"G87654321","Dr")
INSERT IGNORE INTO Booker(id,address,contact,dob,email,firstname,lastname,memberstatus,miles,passport,title) values(33333,"Strathmore Ave", 76676454,"22/05/1989","xixixi@gmail.com","Yuqi","Liu",true,0,"G12354321","Dr")
INSERT IGNORE INTO Booker(id,address,contact,dob,email,firstname,lastname,memberstatus,miles,passport,title) values(44444,"Strathmore Ave", 23456776,"22/05/1989","pupupu@gmail.com","Bohan","Xu",true,0,"G88882321","Dr")

INSERT IGNORE INTO Passenger(id,passport,firstName,lastName,ffpName,ffpNo) values(9999,"G1234589","Hao","Li","TFP","A123")
INSERT IGNORE INTO Passenger(id,passport,firstName,lastName,ffpName,ffpNo) values(8888,"G4567890","Yuqi","Liu","TFP","A456")
INSERT IGNORE INTO Passenger(id,passport,firstName,lastName,ffpName,ffpNo) values(7777,"G2345678","Xi","Lu","TFP","A123")
INSERT IGNORE INTO Passenger(id,passport,firstName,lastName,ffpName,ffpNo) values(6666,"G3456789","Bohan","Xu","TFP","A123")

INSERT IGNORE INTO Passenger(id,passport,firstName,lastName,ffpName,ffpNo) values(5555,"G1234555","Xinhong","Chen","TFP","")
INSERT IGNORE INTO Passenger(id,passport,firstName,lastName,ffpName,ffpNo) values(4444,"G1234444","Jinghang","Shi","TFP","")
INSERT IGNORE INTO Passenger(id,passport,firstName,lastName,ffpName,ffpNo) values(3333,"G1234333","Shangyi","Wen","TFP","")
INSERT IGNORE INTO Passenger(id,passport,firstName,lastName,ffpName,ffpNo) values(2222,"G1234222","Yanming","Liu","TFP","")
INSERT IGNORE INTO Passenger(id,passport,firstName,lastName,ffpName,ffpNo) values(1111,"G1234111","Harry","Potter","TFP","")
INSERT IGNORE INTO Passenger(id,passport,firstName,lastName,ffpName,ffpNo) values(11111,"G1231111","Ron","Wesley","TFP","")
INSERT IGNORE INTO Passenger(id,passport,firstName,lastName,ffpName,ffpNo) values(22222,"G1232222","Hanqing","Wang","TFP","")
INSERT IGNORE INTO Passenger(id,passport,firstName,lastName,ffpName,ffpNo) values(33333,"G1233333","Hanyu","Wang","TFP","")
INSERT IGNORE INTO Passenger(id,passport,firstName,lastName,ffpName,ffpNo) values(44444,"G1234444","Hao","Jiang","TFP","")
INSERT IGNORE INTO Passenger(id,passport,firstName,lastName,ffpName,ffpNo) values(55555,"G1235555","Rensheng","Liu","TFP","")
INSERT IGNORE INTO Passenger(id,passport,firstName,lastName,ffpName,ffpNo) values(66666,"G1236666","Yueyi","Fan","TFP","")
INSERT IGNORE INTO Passenger(id,passport,firstName,lastName,ffpName,ffpNo) values(77777,"G1237777","Liang","Fang","TFP","")



INSERT IGNORE INTO Reservation(id,bkFirstName,bkLastName,bkEmail,origin,dest,returnTrip,booker_id,rsvStatus,bkSystem,companyName) values (111111,"Hao","Li","hahaha@gmail.com","SIN","DXB",True,11111,"Reserved","ARS","MAS")
INSERT IGNORE INTO Reservation(id,bkFirstName,bkLastName,bkEmail,origin,dest,returnTrip,booker_id,rsvStatus,bkSystem,companyName) values (222222,"Xi","Lu","hahaha@gmail.com","SIN","DXB",True,22222,"Reserved","ARS","MAS")
INSERT IGNORE INTO Reservation(id,bkFirstName,bkLastName,bkEmail,origin,dest,returnTrip,booker_id,rsvStatus,bkSystem,companyName) values (333333,"Yuqi","Liu","hahaha@gmail.com","SIN","DXB",True,33333,"Reserved","DDS","3Stars")
INSERT IGNORE INTO Reservation(id,bkFirstName,bkLastName,bkEmail,origin,dest,returnTrip,booker_id,rsvStatus,bkSystem,companyName) values (444444,"Bohan","Xu","hahaha@gmail.com","SIN","DXB",True,44444,"Reserved","DDS","3Stars")


INSERT IGNORE INTO RESERVATION_BKCINSTANCE(reservation_id,bkcInstance_id) values(111111,10000)
INSERT IGNORE INTO RESERVATION_BKCINSTANCE(reservation_id,bkcInstance_id) values(222222,20000)
INSERT IGNORE INTO RESERVATION_BKCINSTANCE(reservation_id,bkcInstance_id) values(333333,140000)
INSERT IGNORE INTO RESERVATION_BKCINSTANCE(reservation_id,bkcInstance_id) values(444444,150000)


INSERT IGNORE INTO Seat (id, SeatNumberToPassenger,rowNo,colNo,width,status,luggageCount,flightCabin_id) values(11111, "21A",21,1,20,"Occupied",0,10000)
INSERT IGNORE INTO Seat (id, SeatNumberToPassenger,rowNo,colNo,width,status,luggageCount,flightCabin_id) values(22222, "21B",21,1,20,"Unoccupied",0,10000)
INSERT IGNORE INTO Seat (id, SeatNumberToPassenger,rowNo,colNo,width,status,luggageCount,flightCabin_id) values(33333, "21C",21,1,20,"Unoccupied",0,10000)
INSERT IGNORE INTO Seat (id, SeatNumberToPassenger,rowNo,colNo,width,status,luggageCount,flightCabin_id) values(44444, "21D",21,1,20,"Unoccupied",0,20000)
INSERT IGNORE INTO Seat (id, SeatNumberToPassenger,rowNo,colNo,width,status,luggageCount,flightCabin_id) values(55555, "21E",21,1,20,"Unoccupied",0,20000)
INSERT IGNORE INTO Seat (id, SeatNumberToPassenger,rowNo,colNo,width,status,luggageCount,flightCabin_id) values(66666, "21F",21,1,20,"Unoccupied",0,20000)
INSERT IGNORE INTO Seat (id, SeatNumberToPassenger,rowNo,colNo,width,status,luggageCount,flightCabin_id) values(77777, "21G",21,1,20,"Unoccupied",0,20000)
INSERT IGNORE INTO Seat (id, SeatNumberToPassenger,rowNo,colNo,width,status,luggageCount,flightCabin_id) values(88888, "21H",21,1,20,"Unoccupied",0,20000)
INSERT IGNORE INTO Seat (id, SeatNumberToPassenger,rowNo,colNo,width,status,luggageCount,flightCabin_id) values(99999, "21J",21,1,20,"Unoccupied",0,20000)

INSERT IGNORE INTO Seat (id, SeatNumberToPassenger,rowNo,colNo,width,status,luggageCount,flightCabin_id) values(11111, "21A",21,1,20,"Unoccupied",0,60000)
INSERT IGNORE INTO Seat (id, SeatNumberToPassenger,rowNo,colNo,width,status,luggageCount,flightCabin_id) values(22222, "21B",21,1,20,"Unoccupied",0,60000)
INSERT IGNORE INTO Seat (id, SeatNumberToPassenger,rowNo,colNo,width,status,luggageCount,flightCabin_id) values(33333, "21B",21,1,20,"Unoccupied",0,60000)
INSERT IGNORE INTO Seat (id, SeatNumberToPassenger,rowNo,colNo,width,status,luggageCount,flightCabin_id) values(44444, "21B",21,1,20,"Unoccupied",0,70000)
INSERT IGNORE INTO Seat (id, SeatNumberToPassenger,rowNo,colNo,width,status,luggageCount,flightCabin_id) values(55555, "21B",21,1,20,"Unoccupied",0,70000)
INSERT IGNORE INTO Seat (id, SeatNumberToPassenger,rowNo,colNo,width,status,luggageCount,flightCabin_id) values(66666, "21B",21,1,20,"Unoccupied",0,70000)
INSERT IGNORE INTO Seat (id, SeatNumberToPassenger,rowNo,colNo,width,status,luggageCount,flightCabin_id) values(77777, "21B",21,1,20,"Unoccupied",0,70000)
INSERT IGNORE INTO Seat (id, SeatNumberToPassenger,rowNo,colNo,width,status,luggageCount,flightCabin_id) values(88888, "21B",21,1,20,"Unoccupied",0,70000)
INSERT IGNORE INTO Seat (id, SeatNumberToPassenger,rowNo,colNo,width,status,luggageCount,flightCabin_id) values(99999, "21B",21,1,20,"Unoccupied",0,70000)



INSERT IGNORE INTO Ticket(ticketID,passenger_id,price,bookSystem,bookDate,rsv_id,ticketStatus,bkInstance_id) values(111111,9999, 1500.00,"ARS","2015-08-10",111111,"Unused",10000)
INSERT IGNORE INTO Ticket(ticketID,passenger_id,price,bookSystem,bookDate,rsv_id,ticketStatus,bkInstance_id) values(111112,9999, 1500.00,"ARS","2015-08-10",111111,"Unused",270000)
INSERT IGNORE INTO Ticket(ticketID,passenger_id,price,bookSystem,bookDate,rsv_id,ticketStatus,bkInstance_id) values(222222,8888, 6000.00,"ARS","2015-09-10",111111,"Unused",10000)
INSERT IGNORE INTO Ticket(ticketID,passenger_id,price,bookSystem,bookDate,rsv_id,ticketStatus,bkInstance_id) values(333333,6666, 3000.00,"ARS","2015-10-10",222222,"Unused",20000)
INSERT IGNORE INTO Ticket(ticketID,passenger_id,price,bookSystem,bookDate,rsv_id,ticketStatus,bkInstance_id) values(444444,7777, 4000.00,"ARS","2015-11-10",111111,"Unused",10000)
INSERT IGNORE INTO Ticket(ticketID,passenger_id,price,bookSystem,bookDate,rsv_id,ticketStatus,bkInstance_id) values(555555,5555, 2200.00,"ARS","2015-11-10",333333,"Unused",140000)
INSERT IGNORE INTO Ticket(ticketID,passenger_id,price,bookSystem,bookDate,rsv_id,ticketStatus,bkInstance_id) values(666666,4444, 1700.00,"DDS","2015-08-10",444444,"Unused",150000)
INSERT IGNORE INTO Ticket(ticketID,passenger_id,price,bookSystem,bookDate,rsv_id,ticketStatus,bkInstance_id,seat_id) values(777777,33333, 1900.00,"DDS","2015-09-10",111111,"OnlineCheckedIn",10000,11111)
INSERT IGNORE INTO Ticket(ticketID,passenger_id,price,bookSystem,bookDate,rsv_id,ticketStatus,bkInstance_id) values(888888,77777, 6000.00,"DDS","2015-11-10",222222,"Unused",20000)
INSERT IGNORE INTO Ticket(ticketID,passenger_id,price,bookSystem,bookDate,rsv_id,ticketStatus,bkInstance_id) values(999999,66666, 2500.00,"DDS","2015-11-10",222222,"Unused",20000)
INSERT IGNORE INTO Ticket(ticketID,passenger_id,price,bookSystem,bookDate,rsv_id,ticketStatus,bkInstance_id) values(1111,55555, 1500.00,"GDS","2015-03-10",333333,"Unused",140000)
INSERT IGNORE INTO Ticket(ticketID,passenger_id,price,bookSystem,bookDate,rsv_id,ticketStatus,bkInstance_id) values(2222,44444, 6000.00,"GDS","2015-04-10",444444,"Unused",150000)
INSERT IGNORE INTO Ticket(ticketID,passenger_id,price,bookSystem,bookDate,rsv_id,ticketStatus,bkInstance_id) values(3333,33333, 3000.00,"GDS","2015-08-10",333333,"Unused",140000)
INSERT IGNORE INTO Ticket(ticketID,passenger_id,price,bookSystem,bookDate,rsv_id,ticketStatus,bkInstance_id) values(4444,22222, 4000.00,"GDS","2015-11-10",444444,"Unused",150000)
INSERT IGNORE INTO Ticket(ticketID,passenger_id,price,bookSystem,bookDate,rsv_id,ticketStatus,bkInstance_id) values(5555,9999, 2200.00,"GDS","2015-11-10",444444,"Unused",150000)

INSERT IGNORE INTO Hotel(hotelName)values("Marina Bay Sands")
INSERT IGNORE INTO Hotel(hotelName)values("Hilton")

INSERT IGNORE INTO CarRental(companyName)values("GrabCar")

INSERT IGNORE INTO Railway(railwayName)values("Japan Railway")


INSERT IGNORE INTO HotelPayment(Hotel_hotelName,id,payment,paymentDate)values("Marina Bay Sands",1111,1000.0,"2015-10-12")
INSERT IGNORE INTO HotelPayment(Hotel_hotelName,id,payment,paymentDate)values("Marina Bay Sands",2222,1500.0,"2015-05-10")
INSERT IGNORE INTO HotelPayment(Hotel_hotelName,id,payment,paymentDate)values("Hilton",1111,2000.0,"2015-01-10")

INSERT IGNORE INTO CarPayment(CarRental_companyName,id,payment,paymentDate)values("GrabCar",1111,1200.0,"2015-10-12")
INSERT IGNORE INTO CarPayment(CarRental_companyName,id,payment,paymentDate)values("GrabCar",2222,1800.0,"2015-05-10")
INSERT IGNORE INTO CarPayment(CarRental_companyName,id,payment,paymentDate)values("GrabCar",1111,1000.0,"2015-01-10")

INSERT IGNORE INTO RailwayPayment(Railway_railwayName,id,payment,paymentDate)values("Japan Railway",1111,3000.0,"2015-10-12")
INSERT IGNORE INTO RailwayPayment(Railway_railwayName,id,payment,paymentDate)values("Japan Railway",2222,2200.0,"2015-05-10")
INSERT IGNORE INTO RailwayPayment(Railway_railwayName,id,payment,paymentDate)values("Japan Railway",1111,2500.0,"2015-01-10")


INSERT IGNORE INTO Revenue(id,channel,receivable,type,payer,paymentDate) values(111111,"ARS",1500.00,"Ticket Sale","Li Hao","2015-08-10")
INSERT IGNORE INTO Revenue(id,channel,receivable,type,payer,paymentDate) values(222222,"ARS",6000.00,"Ticket Sale","Li Hao","2015-09-10")
INSERT IGNORE INTO Revenue(id,channel,receivable,type,payer,paymentDate) values(333333,"ARS",3000.00,"Ticket Sale","Huang Xiaoming","2015-10-10")
INSERT IGNORE INTO Revenue(id,channel,receivable,type,payer,paymentDate) values(444444,"ARS",4000.00,"Ticket Sale","Yang Ying","2015-11-10")
INSERT IGNORE INTO Revenue(id,channel,receivable,type,payer,paymentDate) values(555555,"ARS",2200.00,"Ticket Sale","Fu Erkang","2015-11-10")
INSERT IGNORE INTO Revenue(id,channel,receivable,type,payer,paymentDate) values(666666,"DDS",1700.00,"Ticket Sale","Ziwei","2015-08-10")
INSERT IGNORE INTO Revenue(id,channel,receivable,type,payer,paymentDate) values(777777,"DDS",1900.00,"Ticket Sale","Wang Junkai","2015-09-10")
INSERT IGNORE INTO Revenue(id,channel,receivable,type,payer,paymentDate) values(888888,"DDS",6000.00,"Ticket Sale","Xueqin","2015-11-10")
INSERT IGNORE INTO Revenue(id,channel,receivable,type,payer,paymentDate) values(999999,"DDS",2500.00,"Ticket Sale","Erkang","2015-11-10")
INSERT IGNORE INTO Revenue(id,channel,receivable,type,payer,paymentDate) values(1111,"GDS",1500.00,"Ticket Sale","MR","2015-03-10")
INSERT IGNORE INTO Revenue(id,channel,receivable,type,payer,paymentDate) values(2222,"GDS",6000.00,"Ticket Sale","MR","2015-04-10")
INSERT IGNORE INTO Revenue(id,channel,receivable,type,payer,paymentDate) values(3333,"GDS",3000.00,"Ticket Sale","MR","2015-08-10")
INSERT IGNORE INTO Revenue(id,channel,receivable,type,payer,paymentDate) values(4444,"GDS",4000.00,"Ticket Sale","MR","2015-11-10")
INSERT IGNORE INTO Revenue(id,channel,receivable,type,payer,paymentDate) values(5555,"GDS",2200.00,"Ticket Sale","MR","2015-11-10")

INSERT IGNORE INTO Revenue(id,channel,receivable,type,payer,paymentDate) values(11111,"HOTEL",200.00,"Commission","Hilton","2015-01-10")
INSERT IGNORE INTO Revenue(id,channel,receivable,type,payer,paymentDate) values(33333,"HOTEL",100.0,"Commission","Marina Bay Sands","2015-05-10")
INSERT IGNORE INTO Revenue(id,channel,receivable,type,payer,paymentDate) values(44444,"HOTEL",150.0,"Commission","Marina Bay Sands","2015-10-12")
INSERT IGNORE INTO Revenue(id,channel,receivable,type,payer,paymentDate) values(55555,"CARRENTAL",120.0,"Commission","GrabCar","2015-10-12")
INSERT IGNORE INTO Revenue(id,channel,receivable,type,payer,paymentDate) values(66666,"CARRENTAL",180.0,"Commission","GrabCar","2015-05-10")
INSERT IGNORE INTO Revenue(id,channel,receivable,type,payer,paymentDate) values(77777,"CARRENTAL",100.0,"Commission","GrabCar","2015-01-10")
INSERT IGNORE INTO Revenue(id,channel,receivable,type,payer,paymentDate) values(88888,"HIGH-SPEED RAILWAY",300.0,"Commission","Japan Railway","2015-10-12")
INSERT IGNORE INTO Revenue(id,channel,receivable,type,payer,paymentDate) values(99999,"HIGH-SPEED RAILWAY",220.0,"Commission","Japan Railway","2015-05-10")
INSERT IGNORE INTO Revenue(id,channel,receivable,type,payer,paymentDate) values(100000,"HIGH-SPEED RAILWAY",250.0,"Commission","Japan Railway","2015-01-10")
INSERT IGNORE INTO Revenue(id,channel,receivable,type,payer,paymentDate) values(1111,"GDS",150.00,"Commission","DL","2015-03-10")
INSERT IGNORE INTO Revenue(id,channel,receivable,type,payer,paymentDate) values(2222,"GDS",600.00,"Commission","KE","2015-04-10")
INSERT IGNORE INTO Revenue(id,channel,receivable,type,payer,paymentDate) values(3333,"GDS",300.00,"Commission","KE","2015-08-10")
INSERT IGNORE INTO Revenue(id,channel,receivable,type,payer,paymentDate) values(4444,"GDS",400.00,"Commission","AF","2015-11-10")
INSERT IGNORE INTO Revenue(id,channel,receivable,type,payer,paymentDate) values(5555,"GDS",220.00,"Commission","DL","2015-11-10")

INSERT IGNORE INTO Revenue(id,channel,receivable,type,payer,paymentDate) values(101,"OTHER",60000000.00,"Sale","9V-ABC","2035-01-03")
INSERT IGNORE INTO Revenue(id,channel,receivable,type,payer,paymentDate) values(202,"OTHER",60000000.00,"Sale","9V-XYZ","2035-01-03")
INSERT IGNORE INTO Revenue(id,channel,receivable,type,payer,paymentDate) values(303,"OTHER",45000000.00,"Sale","9V-AAA","2032-01-03")
INSERT IGNORE INTO Revenue(id,channel,receivable,type,payer,paymentDate) values(404,"OTHER",45000000.00,"Sale","9V-BBB","2032-01-03")
INSERT IGNORE INTO Revenue(id,channel,receivable,type,payer,paymentDate) values(505,"OTHER",45000000.00,"Sale","9V-CCC","2032-01-03")


INSERT IGNORE INTO Expense(id,type,category,paymentDate,payable,costSource) values(111,"Sunk Cost","Purchase Aircraft","2015-09-12",200000000.0,"9V-ABC")
INSERT IGNORE INTO Expense(id,type,category,paymentDate,payable,costSource) values(222,"Sunk Cost","Purchase Aircraft","2015-09-12",200000000.0,"9V-XYZ")
INSERT IGNORE INTO Expense(id,type,category,paymentDate,payable,costSource) values(333,"Sunk Cost","Purchase Aircraft","2012-10-10",150000000.0,"9V-AAA")
INSERT IGNORE INTO Expense(id,type,category,paymentDate,payable,costSource) values(444,"Sunk Cost","Purchase Aircraft","2012-10-10",150000000.0,"9V-BBB")
INSERT IGNORE INTO Expense(id,type,category,paymentDate,payable,costSource) values(555,"Sunk Cost","Purchase Aircraft","2012-10-10",150000000.0,"9V-CCC")
INSERT IGNORE INTO Expense(id,type,category,paymentDate,payable,costSource) values(666,"Sunk Cost","Purchase Aircraft","2016-10-09",50000000.0,"9V-000")
INSERT IGNORE INTO Expense(id,type,category,payable,costSource) values(777,"Fixed Operation Cost","Other Cost",1872000.0,"10000")
INSERT IGNORE INTO Expense(id,type,category,payable,costSource) values(888,"Fixed Operation Cost","Other Cost",1872000.0,"20000")
INSERT IGNORE INTO Expense(id,type,category,payable,costSource) values(999,"Fixed Operation Cost","Other Cost",1900000.0,"30000")
INSERT IGNORE INTO Expense(id,type,category,payable,costSource) values(1000,"Fixed Operation Cost","Other Cost",1900000.0,"40000")
INSERT IGNORE INTO Expense(id,type,category,payable,costSource) values(1001,"Fixed Operation Cost","Other Cost",2000000.0,"50000")
INSERT IGNORE INTO Expense(id,type,category,payable,costSource) values(1002,"Fixed Operation Cost","Other Cost",2000000.0,"60000")
INSERT IGNORE INTO Expense(id,type,category,payable,costSource) values(1111,"Sunk Cost","Depreciation",6400000.0,"9V-ABC")
INSERT IGNORE INTO Expense(id,type,category,payable,costSource) values(2222,"Sunk Cost","Depreciation",6400000.0,"9V-XYZ")
INSERT IGNORE INTO Expense(id,type,category,payable,costSource) values(3333,"Sunk Cost","Depreciation",4800000.0,"9V-AAA")
INSERT IGNORE INTO Expense(id,type,category,payable,costSource) values(4444,"Sunk Cost","Depreciation",4800000.0,"9V-BBB")
INSERT IGNORE INTO Expense(id,type,category,payable,costSource) values(5555,"Sunk Cost","Depreciation",4800000.0,"9V-CCC")
INSERT IGNORE INTO Expense(id,type,category,payable,costSource) values(6666,"Sunk Cost","Depreciation",1600000.0,"9V-000")
INSERT IGNORE INTO Expense(id,type,category,payable,costSource) values(11111,"Sunk Cost","Fuel Cost",15200.0,"A380")
INSERT IGNORE INTO Expense(id,type,category,payable,costSource) values(22222,"Sunk Cost","Fuel Cost",11400.0,"777-300")
INSERT IGNORE INTO Expense(id,type,category,payable,costSource) values(33333,"Sunk Cost","Fuel Cost",10800.0,"A330-200")
INSERT IGNORE INTO Expense(id,type,category,payable,costSource) values(44444,"Sunk Cost","Maintenance Cost",12000.0,"A380")
INSERT IGNORE INTO Expense(id,type,category,payable,costSource) values(55555,"Sunk Cost","Maintenance Cost",10000.0,"777-300")
INSERT IGNORE INTO Expense(id,type,category,payable,costSource) values(66666,"Sunk Cost","Naintenance Cost",6000.0,"A330-200")

INSERT IGNORE INTO Expense(id,type,category,paymentDate,payable,costSource) values(111111,"Variable Operation Cost","DDS Commission","2015-08-10",170.0,"Ziwei")
INSERT IGNORE INTO Expense(id,type,category,paymentDate,payable,costSource) values(222222,"Variable Operation Cost","DDS Commission","2015-09-10",190.0,"Wang Junkai")
INSERT IGNORE INTO Expense(id,type,category,paymentDate,payable,costSource) values(333333,"Variable Operation Cost","DDS Commission","2015-11-10",600.0,"Xueqin")
INSERT IGNORE INTO Expense(id,type,category,paymentDate,payable,costSource) values(444444,"Variable Operation Cost","DDS Commission","2015-11-10",250.0,"Erkang")
INSERT IGNORE INTO Expense(id,type,category,payable,costSource) values(10101,"Variable Operation Cost","Cabin Crew",3000.0,"CB888881")
INSERT IGNORE INTO Expense(id,type,category,payable,costSource) values(20202,"Variable Operation Cost","Cabin Leader",5000.0,"CB888851")
INSERT IGNORE INTO Expense(id,type,category,payable,costSource) values(30303,"Variable Operation Cost","Captain",10000.0,"CP777751")
INSERT IGNORE INTO Expense(id,type,category,payable,costSource) values(40404,"Variable Operation Cost","Pilot",8000.0,"CP777778")
INSERT IGNORE INTO Expense(id,type,category,payable,costSource) values(50505,"Variable Operation Cost","Office Staff",3000.0,"O777777")
INSERT IGNORE INTO Expense(id,type,category,payable,costSource) values(60606,"Variable Operation Cost","Ground Staff",4000.0,"G777777")

